age,device,hour,day_of_week,ad_category,campaign_id,bid_price,ad_quality,popularity,clicked
47,tablet,12,0,food,campaign_02,1.561,0.5664206508096447,0.10179878563058609,1
40,mobile,10,2,food,campaign_23,0.5914,0.5509087684904029,0.24954380556093847,0
26,mobile,1,2,fashion,campaign_19,1.806,0.8285469248387858,0.5945074695820506,1
28,mobile,2,2,fashion,campaign_13,2.5195,0.7105327717426778,0.06135278734082439,1
40,mobile,14,6,tech,campaign_12,2.804,0.026577764997291697,0.5500846473514374,0
20,desktop,13,0,fashion,campaign_25,2.4934,0.049459137146015686,0.5844914357940106,0
34,tablet,13,3,food,campaign_02,0.648,0.6015584524560157,0.2909671813304595,0
42,mobile,3,6,food,campaign_20,2.1665,0.4861920756222755,0.2931229801251234,1
42,desktop,12,6,tech,campaign_06,2.6524,0.2601846553429914,0.2290792687700708,0
60,tablet,1,4,food,campaign_02,2.0749,0.41865608731480164,0.9356763701960428,1
68,tablet,3,6,tech,campaign_15,2.0887,0.7579103187328605,0.38887114069907747,1
55,mobile,11,2,food,campaign_29,1.5505,0.82661148465793,0.5852690631138904,1
22,desktop,14,4,fashion,campaign_22,1.9472,0.5612230678900442,0.3015745742535145,0
39,mobile,15,3,fashion,campaign_22,0.9537,0.385369480857103,0.7026640044149043,0
55,mobile,23,0,tech,campaign_21,0.3575,0.270696761495107,0.10144127105864253,1
48,mobile,20,0,food,campaign_23,2.5004,0.5219184707692535,0.07164154309466397,0
41,desktop,9,6,tech,campaign_15,2.8351,0.314749618564381,0.7442837605818863,1
40,mobile,18,1,tech,campaign_03,2.5848,0.5640951370472229,0.7266679583153499,0
39,mobile,2,2,fashion,campaign_25,1.0683,0.6766523825096377,0.26500133614066224,1
48,mobile,20,4,fashion,campaign_13,0.3712,0.06607921091939484,0.35504671272468835,0
27,desktop,9,4,tech,campaign_15,0.9124,0.0010674650227472382,0.9572605013328223,0
44,desktop,18,3,food,campaign_11,2.5442,0.21227713884074295,0.10433029499531432,0
28,desktop,23,6,food,campaign_05,2.0019,0.894511497718781,0.183147066546671,0
53,mobile,16,5,tech,campaign_27,2.9034,0.6462907632285592,0.4300383649732332,0
62,desktop,22,6,food,campaign_23,1.0938,0.17196035193702286,0.2820989060555251,0
44,desktop,0,4,fashion,campaign_19,1.6993,0.8902639618236188,0.6490085486322071,1
38,mobile,4,6,tech,campaign_12,2.3911,0.46995594028734,0.6906017229466844,0
66,tablet,15,4,tech,campaign_24,0.7786,0.47609175667866066,0.5263880838900952,0
52,tablet,12,3,fashion,campaign_16,2.8959,0.9355419438426551,0.6111973014027698,1
40,desktop,2,5,fashion,campaign_13,1.818,0.05948669218334002,0.43342083202034487,0
19,desktop,17,6,fashion,campaign_13,0.1229,0.21517827462871852,0.760387253725166,0
18,tablet,1,0,tech,campaign_06,0.1729,0.5857713251547224,0.04209849784626973,0
29,desktop,23,6,food,campaign_02,2.6584,0.1954865095820041,0.31289133665588087,0
30,desktop,3,4,fashion,campaign_16,1.9713,0.6795270092089578,0.684430041394894,1
55,desktop,10,6,food,campaign_26,2.3129,0.2140922893367202,0.3296451078753825,0
44,mobile,19,5,fashion,campaign_01,2.3736,0.09915697059881434,0.07853528044294944,0
69,tablet,12,6,fashion,campaign_25,1.3193,0.20698515964083974,0.3450134284667753,0
46,mobile,17,1,tech,campaign_24,2.416,0.42273403427206224,0.7114947717886633,0
64,mobile,16,1,food,campaign_08,2.8188,0.17613829917307988,0.12198486525331775,0
46,tablet,22,1,tech,campaign_18,0.5993,0.1346920249233473,0.7246313642116545,0
36,desktop,11,1,fashion,campaign_04,2.316,0.8602818862189409,0.7754557163575756,1
55,desktop,23,1,fashion,campaign_22,0.9926,0.32039720359730783,0.6353007444226989,0
41,mobile,12,3,tech,campaign_21,1.0323,0.3607586865182536,0.24423404855814423,1
32,mobile,21,1,fashion,campaign_10,1.297,0.055270409501227635,0.8052953571950614,0
42,tablet,17,1,food,campaign_02,2.6048,0.35736962350205415,0.21444250177846536,0
52,desktop,3,3,food,campaign_29,0.164,0.26480717732157966,0.9058209521713505,1
37,mobile,15,5,fashion,campaign_13,1.3584,0.6104850673417885,0.7066456991420821,1
54,tablet,21,0,food,campaign_26,2.0721,0.20539029767240669,0.05471992664705971,0
68,desktop,3,3,food,campaign_20,0.4202,0.8883654530628405,0.799287118661663,1
39,tablet,20,4,food,campaign_23,2.3975,0.9296666209195551,0.5064335403599074,1
33,desktop,2,4,fashion,campaign_22,2.8315,0.0998310571767902,0.4526488963130514,0
38,desktop,20,0,food,campaign_05,0.3637,0.10740295628857721,0.4205111926984868,0
61,tablet,18,5,fashion,campaign_10,0.5435,0.11532643811098797,0.6066300664409169,0
27,tablet,3,0,food,campaign_14,2.9249,0.619569256310312,0.7245785007829613,0
68,mobile,17,1,food,campaign_14,0.6738,0.12196896420962289,0.8959766157245607,0
39,tablet,2,2,fashion,campaign_01,0.3289,0.8523823179302663,0.2729448129472253,0
61,tablet,13,5,fashion,campaign_16,2.8614,0.7542715149378925,0.6307762729104237,0
58,desktop,22,1,fashion,campaign_04,2.6886,0.8198088582380241,0.6863426114681299,1
58,mobile,4,5,fashion,campaign_22,2.0016,0.5260605268860209,0.6747971397868926,0
65,mobile,4,6,food,campaign_20,1.6991,0.9966772115191534,0.4930006477829699,0
27,mobile,10,6,tech,campaign_27,2.7658,0.04417510294416127,0.3910225482037011,0
48,mobile,8,2,fashion,campaign_22,2.001,0.40126496418611335,0.7623788170670917,0
23,tablet,1,0,fashion,campaign_10,2.0094,0.3239366689376362,0.30000980404080135,0
33,tablet,10,1,food,campaign_29,2.5467,0.948645498712641,0.20805316239824312,1
20,desktop,6,5,tech,campaign_12,1.9944,0.5768609584975929,0.5458291937601238,0
53,desktop,2,1,tech,campaign_09,1.5607,0.8061909654447252,0.26761085766217696,0
49,tablet,6,4,tech,campaign_27,1.2302,0.17034119365851885,0.033233162764539026,0
56,desktop,0,2,food,campaign_11,1.5591,0.9786341439004389,0.05157574338230542,1
27,desktop,21,5,food,campaign_02,1.6152,0.4986395468763152,0.6950105263868747,0
35,desktop,23,4,food,campaign_14,1.1464,0.4936720762706458,0.9731458459920731,1
53,mobile,8,4,food,campaign_23,1.3995,0.9708847285457378,0.454688383626075,1
60,mobile,21,5,food,campaign_05,2.4254,0.38073236121714504,0.14706112558473416,0
64,desktop,11,6,fashion,campaign_13,1.3079,0.39752502455499295,0.8180832105293531,1
21,tablet,21,2,tech,campaign_03,0.1741,0.5847527028049366,0.26143589697371983,0
38,mobile,4,3,food,campaign_20,0.9208,0.12805261054778694,0.9956264616038806,0
18,mobile,6,4,food,campaign_14,0.7721,0.3210856264118549,0.5632641658270601,1
60,mobile,17,5,tech,campaign_09,2.4014,0.19320832244513053,0.23263254856010063,0
24,tablet,5,3,tech,campaign_06,1.4029,0.1032834791070496,0.4960047695243439,1
60,desktop,19,2,fashion,campaign_16,0.9129,0.8661446063310201,0.3353812718296486,0
26,desktop,10,5,food,campaign_20,2.451,0.589331166127476,0.7794719846269478,0
18,desktop,9,6,fashion,campaign_28,0.1557,0.3586727915279112,0.10581588580805579,0
63,mobile,10,3,fashion,campaign_13,0.6053,0.4086693773667128,0.8570027170325483,0
40,tablet,19,0,fashion,campaign_04,2.4982,0.43151900368735463,0.7673368942641347,1
40,mobile,0,2,tech,campaign_24,1.6969,0.6331491821447094,0.8613638039014875,0
51,mobile,18,3,tech,campaign_18,2.3436,0.9267693914889933,0.8949937460416648,0
32,tablet,18,4,tech,campaign_21,2.5307,0.9327796196569825,0.22977782294308124,0
53,desktop,19,4,food,campaign_02,2.8317,0.3914919795306634,0.5210058072286208,1
40,mobile,23,5,tech,campaign_09,0.2839,0.32926245959776956,0.8499222201663773,1
32,desktop,18,0,food,campaign_23,2.4178,0.45104650018525505,0.3773879721161115,0
38,mobile,12,3,tech,campaign_24,2.1554,0.5679342304284926,0.06040757679563247,1
18,tablet,11,4,fashion,campaign_13,0.7004,0.46181791144974826,0.29163435653851655,1
33,tablet,9,6,tech,campaign_24,2.8019,0.6587534098167009,0.24192031147481086,0
48,mobile,19,0,fashion,campaign_25,1.2722,0.5543990233797637,0.8700626186891045,1
25,desktop,9,6,food,campaign_11,2.6741,0.3207155466940761,0.46384634940914826,0
24,mobile,13,0,food,campaign_26,1.8548,0.3457308057626326,0.6835442374463132,0
52,desktop,2,1,food,campaign_08,1.6276,0.3785927875597309,0.9621191496915854,0
40,mobile,7,5,fashion,campaign_07,0.5626,0.09463976824938869,0.29918785238520373,0
25,mobile,6,5,food,campaign_20,2.7516,0.16606263241397312,0.7611995575273958,0
56,desktop,10,6,fashion,campaign_19,1.7143,0.7231138021453861,0.022764121518721425,0
58,tablet,12,4,fashion,campaign_04,0.1177,0.38909671152208003,0.10411617531152817,0
19,tablet,17,4,tech,campaign_24,0.153,0.21453897256014365,0.1618650900032781,0
28,mobile,10,3,food,campaign_05,2.3551,0.5626724105748573,0.3124183368725084,1
37,tablet,3,3,tech,campaign_24,0.5696,0.7555395424734273,0.4029872151293784,1
56,mobile,13,3,tech,campaign_00,1.8363,0.2574223623453714,0.47701589073225437,1
21,tablet,1,2,food,campaign_23,2.0751,0.8267898819237445,0.24533134628339748,0
59,mobile,20,5,food,campaign_23,0.9102,0.9275048596250496,0.06621531961013594,1
34,desktop,18,2,food,campaign_23,1.751,0.5973945290738407,0.6775230918402433,1
24,mobile,5,4,fashion,campaign_19,0.7968,0.6689476589915796,0.023661353534264462,1
62,tablet,6,4,food,campaign_14,2.8443,0.05257599032305538,0.8094706348587248,0
22,mobile,0,3,tech,campaign_21,2.5945,0.9455198910219065,0.9291548251512014,1
24,tablet,8,4,food,campaign_08,0.9353,0.3924847342649438,0.7103689136596344,0
67,mobile,0,0,food,campaign_23,1.6336,0.9239004005454299,0.5959605172748319,0
45,desktop,22,2,fashion,campaign_16,1.5518,0.5789775247502426,0.6570185293286328,0
42,mobile,3,3,fashion,campaign_13,2.8841,0.0046187988433276095,0.6522220466175943,0
53,tablet,15,2,tech,campaign_15,1.2427,0.038541999323435716,0.9317051360665005,0
50,desktop,13,6,food,campaign_17,1.7305,0.680418805669922,0.9643058711939674,0
49,tablet,5,6,fashion,campaign_01,2.7932,0.5626680138319331,0.42671164190822175,0
19,tablet,19,4,fashion,campaign_04,0.5722,0.026532437206074344,0.6170791761484181,0
46,desktop,2,2,fashion,campaign_07,1.6964,0.7434599612223853,0.8028070537341723,1
32,mobile,21,0,tech,campaign_03,0.4065,0.8521453370691817,0.0010381571721375105,1
59,mobile,17,5,fashion,campaign_13,1.8907,0.4964174824393083,0.5270159168277156,0
44,mobile,15,6,food,campaign_20,1.1605,0.46575744035725497,0.6528763398176977,0
24,tablet,21,3,fashion,campaign_19,2.9061,0.0054731088346274825,0.7172054497375816,0
64,tablet,9,5,food,campaign_14,1.3047,0.7866497124935993,0.36878940939628113,1
32,desktop,6,6,fashion,campaign_25,0.4949,0.33071606674610543,0.29564442061159224,0
32,tablet,3,3,fashion,campaign_16,2.5186,0.8787636197825396,0.1821425665679085,0
66,mobile,22,1,food,campaign_02,2.4805,0.37306058755805305,0.5578155490526845,1
58,tablet,9,0,fashion,campaign_22,2.1151,0.5650779106307056,0.9193034322521215,0
62,desktop,19,5,food,campaign_17,2.2716,0.2703417881993275,0.8959781507240482,0
52,mobile,7,3,fashion,campaign_19,0.8677,0.16058831258491868,0.3599659271576924,0
65,mobile,22,1,fashion,campaign_16,1.962,0.774907903381328,0.25785513993820264,0
23,desktop,20,0,fashion,campaign_16,0.2103,0.4965904788462816,0.788793822670777,0
49,desktop,7,6,food,campaign_02,0.671,0.5364879237522507,0.7249800182441882,0
33,mobile,11,2,fashion,campaign_16,2.8036,0.9654159534817355,0.5053398311374923,1
38,desktop,19,2,food,campaign_23,2.2438,0.9635799122221537,0.3890302595388575,1
30,mobile,5,4,tech,campaign_09,0.769,0.8556421217024035,0.12379790374517496,1
28,tablet,0,2,tech,campaign_18,0.423,0.18760929276503358,0.7851385890922365,0
41,desktop,6,6,tech,campaign_00,2.8519,0.5942726943015799,0.6174644435816974,1
65,mobile,14,4,fashion,campaign_10,0.4253,0.8781474246555374,0.3768816797380167,0
51,desktop,3,2,fashion,campaign_13,0.8455,0.3744639364489377,0.9187879760667995,0
36,tablet,8,1,food,campaign_29,0.6296,0.10110616593558497,0.6596727064118622,0
40,desktop,22,6,tech,campaign_06,0.1216,0.8109629022399218,0.9292388668437462,0
45,tablet,1,4,food,campaign_08,1.011,0.48176355136217164,0.4744124603396439,0
30,desktop,1,6,tech,campaign_12,2.9251,0.5643926803591786,0.4546178240639299,0
45,tablet,10,2,food,campaign_29,1.0915,0.9821442963178444,0.9372392903140796,1
54,mobile,0,0,fashion,campaign_25,1.5625,0.6072114304940721,0.9597914282435333,1
30,mobile,0,6,fashion,campaign_01,2.2632,0.4249793856661014,0.9607673188788862,1
48,desktop,4,1,fashion,campaign_07,1.6981,0.3699843678471978,0.8188973939074429,0
54,tablet,2,5,tech,campaign_24,2.2564,0.4176192926540456,0.4624061448243386,0
45,tablet,19,4,fashion,campaign_01,2.0187,0.11839908317866876,0.2102992942690588,0
33,tablet,2,1,fashion,campaign_25,1.8648,0.7947505584175718,0.38344088127782827,1
46,tablet,12,5,food,campaign_08,1.984,0.8377168581870411,0.9382974915177886,1
59,desktop,16,0,tech,campaign_27,2.4176,0.28439713457340887,0.3635542950802999,0
29,mobile,15,2,food,campaign_08,2.1596,0.3037966184099441,0.7567174268235375,1
47,tablet,15,2,fashion,campaign_13,2.3961,0.8743342563348132,0.9230043510911079,1
53,desktop,8,4,fashion,campaign_19,0.5222,0.023970355527955456,0.9703921628814296,0
34,mobile,21,3,tech,campaign_03,2.0653,0.5204574437672277,0.9476741468753561,0
38,mobile,1,4,fashion,campaign_16,2.2374,0.46367571468150104,0.5550575977222759,0
64,tablet,2,3,tech,campaign_15,0.9699,0.6901267695784598,0.49188007465087036,0
36,mobile,20,5,food,campaign_23,2.6363,0.16339170014945448,0.9876405087679863,0
49,mobile,1,1,food,campaign_29,0.9837,0.6683307407951538,0.21817920458030682,0
25,tablet,4,5,fashion,campaign_19,0.8071,0.37673400787487643,0.1875302616847626,0
66,mobile,4,0,tech,campaign_12,2.6146,0.618714778169642,0.9631822977458351,0
49,mobile,0,0,tech,campaign_12,0.8164,0.04009500987277592,0.6891948218241696,1
57,tablet,2,5,tech,campaign_12,1.305,0.4617271971845094,0.5363040097981578,0
49,desktop,13,1,tech,campaign_24,1.167,0.5222508939823721,0.1320497928413057,0
36,tablet,15,5,tech,campaign_09,2.7044,0.2143264028549866,0.5132402490163293,0
35,desktop,1,0,food,campaign_05,1.4202,0.1396236541791207,0.944221153521555,0
54,mobile,22,1,fashion,campaign_10,2.1135,0.1884743030123014,0.6028913233486717,0
62,mobile,2,6,tech,campaign_00,2.4027,0.34414107806334804,0.4046286224395348,0
24,tablet,16,1,tech,campaign_03,1.9209,0.09681014930497145,0.5511030014651284,0
61,mobile,19,6,food,campaign_02,2.8367,0.9473197957296045,0.8861450870177845,1
61,desktop,12,2,food,campaign_23,2.4273,0.4049940614958173,0.9128486611353276,0
23,desktop,11,5,tech,campaign_21,1.2606,0.808969602506749,0.4000881656528953,0
23,desktop,2,6,food,campaign_20,2.8574,0.9744171231088467,0.608061002434322,0
54,tablet,5,0,fashion,campaign_13,1.6213,0.08073528000273911,0.27920261268283075,1
61,desktop,20,2,tech,campaign_21,0.1655,0.651669467934994,0.4510852961584765,0
38,desktop,8,4,fashion,campaign_04,0.854,0.871409086741214,0.2198826367831429,0
51,desktop,0,6,tech,campaign_27,1.903,0.6342344339667283,0.5314722618655752,1
69,desktop,17,1,tech,campaign_15,0.5548,0.4290261213574127,0.578240134964662,1
34,tablet,16,1,fashion,campaign_28,1.7938,0.4310763576379383,0.33783673613077314,0
29,mobile,1,2,fashion,campaign_04,1.1486,0.03589888600735891,0.27211830063864817,0
69,mobile,1,1,food,campaign_14,1.6497,0.5346007512892753,0.15102560663145193,0
32,desktop,2,1,food,campaign_20,0.1054,0.9935429967868474,0.13954366620615977,1
42,desktop,1,0,food,campaign_14,2.5604,0.9587075259719341,0.7114611157141176,0
40,mobile,14,5,fashion,campaign_13,1.1496,0.04039922884216318,0.22163800357270336,0
45,tablet,3,5,fashion,campaign_04,0.5065,0.7057970036294882,0.1179770211065605,0
31,desktop,14,1,food,campaign_11,1.37,0.3017648666969308,0.9988716897642888,1
53,mobile,4,3,fashion,campaign_07,1.5099,0.9029891534061367,0.259916501889057,1
53,tablet,23,4,tech,campaign_09,1.9485,0.045114745709278536,0.8960483154281321,1
28,tablet,17,4,food,campaign_20,1.6212,0.9358741020110806,0.6091859537519174,0
43,desktop,8,6,tech,campaign_18,0.2262,0.8374757437877769,0.715070166806815,1
20,mobile,10,4,tech,campaign_18,2.6274,0.11750438225260151,0.5609189114996354,0
29,mobile,1,4,fashion,campaign_10,1.4239,0.05982433731729919,0.1808111950599689,0
69,desktop,1,0,fashion,campaign_28,0.3233,0.8347076643269359,0.8470515714526026,0
44,mobile,12,0,food,campaign_02,2.3412,0.15575767097457938,0.8279727664867842,1
50,desktop,0,4,fashion,campaign_10,2.0144,0.5348981529758705,0.34968546535026745,0
64,mobile,15,6,tech,campaign_03,1.9834,0.9157448578787095,0.7638506964114639,1
55,mobile,9,2,fashion,campaign_10,1.3381,0.5674481135493233,0.5430402583444278,0
59,desktop,3,4,fashion,campaign_28,1.2904,0.3972333014728241,0.9090491405600647,0
55,tablet,12,1,fashion,campaign_10,1.6554,0.4450160548539922,0.8028243713039679,0
43,tablet,13,3,tech,campaign_27,0.2467,0.06311717070387102,0.04099576980203079,0
50,mobile,17,5,food,campaign_14,0.967,0.9687523213615988,0.8792759721912583,1
33,mobile,4,4,food,campaign_20,2.9649,0.3106541850810828,0.9685664179784899,0
64,desktop,13,0,fashion,campaign_13,2.0204,0.18936349167285382,0.7421562026251037,0
27,desktop,20,6,fashion,campaign_07,1.3149,0.2860473018403953,0.11991353084706802,0
63,tablet,6,6,fashion,campaign_22,0.7449,0.9643731948914789,0.8073758898371202,0
63,tablet,20,3,food,campaign_29,2.2611,0.094286053488007,0.6474890426235859,0
25,desktop,17,2,fashion,campaign_07,0.8548,0.8673030405011813,0.3388263175219802,1
54,mobile,10,3,food,campaign_23,0.5709,0.7078438944014478,0.8840305511926667,0
69,mobile,21,5,fashion,campaign_07,0.5481,0.8300191791590281,0.5655666884531728,1
47,mobile,23,3,tech,campaign_21,2.2149,0.9758975403678963,0.8529279310194022,1
35,desktop,5,0,food,campaign_23,1.9641,0.8421546555168719,0.6701137485842428,1
63,mobile,23,0,fashion,campaign_13,0.3024,0.9433823512778529,0.2885161037049282,1
44,mobile,0,5,fashion,campaign_22,0.4336,0.12693525679091977,0.9750186958610365,0
24,tablet,3,5,food,campaign_08,1.9382,0.79578856516697,0.5710055479395585,1
30,tablet,1,5,food,campaign_02,1.7562,0.5456756940810478,0.5167552418264589,1
53,desktop,8,0,food,campaign_02,2.0894,0.5434955950798607,0.403509628253255,0
41,tablet,22,1,fashion,campaign_13,0.6163,0.8989215763205136,0.13634420307768735,1
29,tablet,14,2,tech,campaign_27,2.2071,0.9718038186467113,0.6862128800361617,1
59,tablet,14,1,tech,campaign_03,2.8147,0.704838323043181,0.430799198005814,0
24,tablet,2,2,fashion,campaign_13,1.843,0.4829383894717839,0.9346125103556421,1
29,mobile,12,3,tech,campaign_21,0.6688,0.45640385790184534,0.9650971686188983,1
42,tablet,9,1,tech,campaign_06,2.0707,0.3863414572231818,0.767640855349951,0
20,tablet,11,0,tech,campaign_21,1.0949,0.36159902957266266,0.2424947637025352,0
38,tablet,6,2,tech,campaign_09,0.2429,0.3915068416844314,0.7159796808039663,0
65,desktop,4,5,tech,campaign_24,0.9768,0.08975323525119527,0.020421750965055496,1
66,tablet,22,4,food,campaign_17,2.7262,0.07743608526043821,0.8264005028083927,0
63,tablet,13,2,fashion,campaign_16,1.2923,0.7798698438723117,0.4936185670905291,0
34,tablet,9,2,food,campaign_05,2.6075,0.4460728929202261,0.9367396498851864,1
21,tablet,1,4,fashion,campaign_13,1.5751,0.9306844885446205,0.3777600413259651,0
60,tablet,18,1,fashion,campaign_25,1.5992,0.6122210085939525,0.2631736044838443,0
37,desktop,11,5,tech,campaign_00,0.1151,0.03517598218441975,0.9950563387560393,0
56,tablet,9,6,fashion,campaign_22,1.9476,0.15752334131747947,0.5306778715120752,0
24,desktop,16,0,food,campaign_14,0.4127,0.20581979301300757,0.8631825424104381,1
52,tablet,3,6,tech,campaign_21,1.4884,0.9757360243896606,0.9110571640210087,1
48,tablet,12,0,fashion,campaign_19,0.8549,0.21870422615163487,0.5184687127814234,0
65,tablet,20,3,tech,campaign_12,1.2379,0.5157556762880513,0.45571392551918766,0
23,desktop,11,4,tech,campaign_09,1.6575,0.9361769316401961,0.5528859547723501,1
39,desktop,0,2,tech,campaign_18,0.1419,0.9771927299143573,0.8477395028814141,1
69,mobile,5,1,fashion,campaign_04,0.9253,0.23636043538354456,0.9646602316007996,0
38,desktop,1,0,food,campaign_17,2.9699,0.04911764375004013,0.3283221093697162,0
52,desktop,12,5,food,campaign_02,0.2665,0.1536018325377585,0.7386303821198467,0
26,desktop,8,0,fashion,campaign_19,1.0262,0.06332847870255809,0.28537447728995946,0
55,tablet,3,3,tech,campaign_18,1.0321,0.1951242410923364,0.6109530413315054,0
32,tablet,16,2,food,campaign_02,1.2002,0.5685697147037354,0.8047895882182705,0
47,mobile,4,6,fashion,campaign_22,2.0859,0.9124487962956418,0.8864863246612933,0
63,desktop,8,6,tech,campaign_12,0.8185,0.53721888369434,0.44871618427924675,0
52,tablet,23,5,food,campaign_23,1.4348,0.6259895566990807,0.36975568256589153,1
42,tablet,1,5,fashion,campaign_01,1.9701,0.2018672516095411,0.25345161201088784,0
27,tablet,5,3,food,campaign_05,1.0347,0.8005836206738501,0.13341717041818757,0
35,tablet,7,2,food,campaign_14,2.8514,0.6177889085055832,0.3649175686436741,0
62,tablet,12,1,food,campaign_05,2.9411,0.8641368291927248,0.8719778047478473,0
29,tablet,5,6,tech,campaign_09,0.4471,0.9488431070057841,0.4188095162106382,1
52,desktop,23,2,fashion,campaign_19,1.0971,0.3479007757565923,0.317293165811222,0
43,mobile,0,3,fashion,campaign_04,0.7031,0.09057905853543935,0.7391322445864148,0
34,desktop,22,0,food,campaign_20,0.6417,0.22592895791678247,0.21558447162593875,0
55,tablet,12,1,tech,campaign_03,1.5238,0.4378415656758372,0.25628680248768243,1
36,mobile,0,4,food,campaign_05,1.7351,0.9456936518244733,0.9359086483383025,1
32,tablet,2,2,food,campaign_17,1.3344,0.37830982237341526,0.08158969261721671,0
45,desktop,2,4,food,campaign_23,0.8904,0.77077321366537,0.41463118024342327,0
57,tablet,6,1,food,campaign_05,0.908,0.540476692170755,0.5767511923948043,0
62,mobile,7,0,food,campaign_08,2.9772,0.18280877043097654,0.2302607156146056,0
50,tablet,15,6,tech,campaign_27,2.7787,0.3207341189534516,0.2810124842347197,0
52,desktop,7,3,food,campaign_29,0.3201,0.6531918850228187,0.22184536474866445,1
58,desktop,17,2,food,campaign_17,2.004,0.6728533946848935,0.3451855720606416,0
32,desktop,7,2,fashion,campaign_13,1.4249,0.43475974680904617,0.8985057550784483,0
31,desktop,6,4,fashion,campaign_10,2.0976,0.22864560266211464,0.4315873465716651,0
43,tablet,6,3,tech,campaign_18,1.8312,0.7219067795126763,0.41782901652343174,0
50,mobile,7,2,food,campaign_17,2.6788,0.16887304161271477,0.3865808801743893,0
51,tablet,20,6,food,campaign_08,0.2943,0.9366696918651266,0.9641157269375743,0
25,tablet,5,6,tech,campaign_00,1.1138,0.1879035790364767,0.11729943621981564,0
58,mobile,6,1,fashion,campaign_04,2.9579,0.10731236283252044,0.8718754209393664,0
36,mobile,22,4,fashion,campaign_28,0.6286,0.4976477023653788,0.3271610677279755,0
63,desktop,15,6,tech,campaign_12,0.4693,0.519549598109694,0.9565115917053534,0
55,tablet,4,3,food,campaign_14,2.214,0.5081929147782448,0.31522724624365883,0
69,tablet,20,0,food,campaign_14,2.3546,0.4366674893388395,0.08287436325632047,0
50,tablet,4,0,food,campaign_23,2.0496,0.9948148928296083,0.5200418843525159,0
45,tablet,3,4,fashion,campaign_01,2.351,0.48628061267058187,0.22786557930991036,1
27,desktop,10,6,food,campaign_02,2.1118,0.477946580739831,0.7529898154733758,1
38,desktop,16,0,food,campaign_08,0.4937,0.4217660627145613,0.6573056183279544,0
62,mobile,4,3,food,campaign_14,1.8638,0.0668257547014629,0.6864691579223767,0
37,desktop,18,3,food,campaign_20,2.3529,0.592956631149616,0.19348948861063664,0
20,mobile,3,1,food,campaign_14,2.61,0.22796777222318243,0.7086302648851405,0
30,mobile,18,4,fashion,campaign_13,0.8141,0.6376089802290499,0.3113310269803373,0
48,tablet,2,6,fashion,campaign_28,0.4695,0.050833461948477154,0.9986740280600711,0
50,tablet,11,1,fashion,campaign_04,2.3652,0.9813871012530017,0.7317676630740063,1
69,desktop,15,0,food,campaign_17,0.844,0.4690050790126722,0.5904115074085128,0
66,mobile,6,2,fashion,campaign_16,0.1926,0.8967553715906984,0.867117779215548,1
45,mobile,14,2,food,campaign_14,2.4931,0.4755611732329348,0.5893116997194271,1
46,mobile,16,5,tech,campaign_24,1.5674,0.060330818574221734,0.5527498667755334,0
59,tablet,15,3,food,campaign_08,1.0472,0.8222135460938069,0.23731560280537956,1
20,mobile,9,0,fashion,campaign_28,0.1331,0.6481837296671343,0.678111995325425,0
48,mobile,18,2,tech,campaign_09,0.2024,0.7817570475739452,0.3746444282494614,1
42,tablet,17,5,fashion,campaign_16,2.3986,0.4281698635088733,0.04308262781213035,0
58,tablet,7,3,tech,campaign_15,1.5201,0.6379367442466449,0.8160617963699577,0
59,tablet,17,3,fashion,campaign_25,0.5342,0.8562290037966075,0.051873166648741864,0
52,mobile,22,1,fashion,campaign_13,1.1397,0.6310654428718875,0.6723001228405259,0
52,desktop,19,2,food,campaign_08,0.5794,0.3476736348359033,0.1567208914849152,0
53,mobile,17,0,tech,campaign_00,0.4274,0.6625295943661998,0.43256951657086384,1
48,tablet,18,0,fashion,campaign_10,0.9013,0.6718541886140673,0.8590916585467206,1
29,mobile,19,0,tech,campaign_24,1.6936,0.960586962506625,0.09441954911414663,1
32,tablet,6,4,tech,campaign_00,0.709,0.3709123215416692,0.6671506785526209,0
56,desktop,17,1,food,campaign_26,1.0966,0.4250817675141312,0.6126187424860853,0
50,tablet,4,4,fashion,campaign_16,1.486,0.8121229611870592,0.8675297463562928,0
30,desktop,8,6,fashion,campaign_04,1.3181,0.5057623147427412,0.17273487132406673,0
63,mobile,22,4,tech,campaign_09,0.473,0.736573093115733,0.7997875046358048,0
68,tablet,6,4,fashion,campaign_16,0.2127,0.45970946445359206,0.4501211967413282,0
50,desktop,20,0,tech,campaign_09,0.2028,0.21549514181270046,0.4286439124932455,0
29,desktop,10,3,tech,campaign_03,1.1155,0.7452038427810108,0.3617843508398749,1
66,desktop,5,6,fashion,campaign_19,2.1845,0.13115516918470993,0.3855741461959179,0
30,desktop,2,2,food,campaign_20,0.4806,0.19858366353130807,0.5199596264252251,0
40,desktop,13,5,tech,campaign_03,2.3822,0.6268249827842086,0.10679982292346579,1
62,mobile,10,4,food,campaign_08,2.1755,0.7472698001920698,0.4250658698729579,0
45,mobile,12,1,fashion,campaign_07,0.1114,0.894687886867815,0.6519812150595229,1
30,mobile,1,0,fashion,campaign_19,0.1776,0.2725864974158917,0.4981923534383146,1
22,mobile,6,0,tech,campaign_21,0.6656,0.11072425860055435,0.1658294688496228,0
36,tablet,0,1,tech,campaign_21,0.2628,0.9560466595226291,0.36305170179163204,1
52,mobile,7,2,fashion,campaign_28,1.6409,0.15442308802214244,0.4429616744259298,0
55,mobile,22,4,food,campaign_23,0.2149,0.19766698225463952,0.6688748146329682,0
29,mobile,3,4,tech,campaign_09,2.4277,0.29132945355846573,0.9007663225374978,0
26,tablet,16,3,tech,campaign_03,1.5296,0.5293913540262875,0.5503755125878185,1
54,desktop,0,5,tech,campaign_18,2.2111,0.882825566034078,0.6763681281173641,1
26,mobile,13,5,tech,campaign_27,2.277,0.7605460227298669,0.07718962543940444,1
21,desktop,22,4,food,campaign_29,1.5696,0.7081575538426351,0.9544670293475931,0
43,mobile,8,6,tech,campaign_06,2.7836,0.17518056785600367,0.3152086903555229,0
47,mobile,4,2,fashion,campaign_07,2.9717,0.35768263152597424,0.35429174968792143,1
30,mobile,13,5,fashion,campaign_01,1.1417,0.47840492608667795,0.22284278064151264,0
28,tablet,6,2,fashion,campaign_04,0.465,0.14742595348558585,0.08467007176554919,0
30,mobile,21,1,fashion,campaign_16,1.1534,0.2734297021266725,0.7900467901418512,0
35,desktop,20,1,fashion,campaign_16,0.7477,0.30833320395284425,0.2404900817061728,0
18,tablet,15,0,food,campaign_11,1.6399,0.12727619832903925,0.2826877353453131,0
18,tablet,15,6,tech,campaign_09,1.1973,0.5502396919082576,0.18179627660627262,0
37,desktop,14,1,tech,campaign_24,1.4933,0.7050281965241929,0.9748852802988801,1
19,mobile,17,5,fashion,campaign_13,2.3132,0.06993163147686121,0.7810347972792044,0
34,desktop,11,5,tech,campaign_24,0.8947,0.48112310176314976,0.9298996499807005,0
48,mobile,23,3,fashion,campaign_28,1.6587,0.782211195267795,0.8617233670535104,0
19,desktop,8,6,tech,campaign_09,1.072,0.7479901289524469,0.9062967995452617,1
50,mobile,0,6,tech,campaign_06,2.3764,0.8150730962187541,0.479034051849193,1
50,desktop,16,6,fashion,campaign_28,1.9547,0.44824063317060703,0.17054143735710048,1
47,desktop,15,3,fashion,campaign_19,0.1247,0.8205570826398607,0.3268803343575444,0
50,tablet,23,2,food,campaign_08,2.0141,0.24075307121426948,0.2924515169817036,1
60,desktop,9,0,tech,campaign_18,0.5935,0.36081056141751533,0.7171338376013564,0
21,tablet,10,5,tech,campaign_15,2.201,0.1763555764178013,0.02567268630734243,0
26,desktop,13,6,tech,campaign_27,1.7453,0.4674845394285718,0.14204221491797708,0
34,tablet,9,3,fashion,campaign_07,1.2643,0.39206002241544324,0.6828851202548609,1
53,desktop,18,0,food,campaign_29,2.1128,0.2409271164143122,0.12344235380044144,1
63,tablet,10,5,fashion,campaign_28,2.5841,0.7517807092307816,0.04829185077040021,0
65,desktop,18,2,food,campaign_05,2.3584,0.3138467721116466,0.10921516461119085,0
48,tablet,10,3,fashion,campaign_04,1.6816,0.2728043301458357,0.6906741530430963,0
39,desktop,5,4,tech,campaign_15,2.1958,0.13089033085049506,0.13932525940470009,0
39,desktop,23,1,fashion,campaign_01,1.3004,0.4388217018019487,0.14630436113648138,1
21,desktop,12,0,food,campaign_08,2.3882,0.302964628837302,0.2303001967590993,0
42,tablet,16,0,fashion,campaign_13,2.5043,0.3692728413409686,0.7509107041965226,1
44,desktop,14,6,food,campaign_29,0.4982,0.23599726262055265,0.200352912260776,1
28,mobile,8,6,food,campaign_29,0.7903,0.7631554898199004,0.0353753967242072,1
57,tablet,23,2,fashion,campaign_04,0.883,0.9300033473547173,0.9058633555759406,1
60,tablet,8,2,food,campaign_26,0.5816,0.49793185278888763,0.8763184242909228,1
33,mobile,23,2,food,campaign_02,1.2384,0.6429984233408326,0.1848190008964724,1
65,tablet,10,2,fashion,campaign_22,0.6598,0.867172276606706,0.26534258977345493,1
23,desktop,0,3,fashion,campaign_25,1.8271,0.9988296373336586,0.18855757144364094,1
65,mobile,0,2,food,campaign_26,0.3947,0.6135164847298321,0.7195345389617299,0
57,desktop,23,4,tech,campaign_06,0.8828,0.8897794665398687,0.25000888418923206,1
29,tablet,12,2,food,campaign_26,2.03,0.908608246555642,0.9314497573785021,1
51,mobile,9,4,tech,campaign_03,1.2558,0.7914514878076223,0.8276410243835689,0
34,tablet,19,6,tech,campaign_15,1.3222,0.4609313910731102,0.5884011275696732,1
59,desktop,14,1,food,campaign_14,2.414,0.08115400042389931,0.008938224713713194,0
26,mobile,15,0,tech,campaign_09,2.9551,0.015805555440133845,0.8836694064166667,0
30,desktop,16,3,tech,campaign_00,1.7387,0.4772006332829246,0.7277616465325542,0
33,desktop,4,0,food,campaign_23,0.3293,0.49431453353461774,0.7879073965410064,1
28,tablet,2,1,fashion,campaign_10,0.3984,0.4073623878629723,0.07182520457199104,0
35,tablet,17,5,fashion,campaign_19,2.9087,0.5681673512913645,0.7085601702185422,0
49,mobile,0,2,tech,campaign_12,2.0698,0.5521627033044271,0.8045894736241437,1
50,tablet,17,3,food,campaign_11,2.2822,0.836613041032693,0.9566353561570548,1
46,desktop,3,5,food,campaign_26,2.0597,0.10865710326226241,0.5804704727824356,0
27,mobile,6,0,food,campaign_02,0.6209,0.22517766610554546,0.5080418519992715,1
28,tablet,16,3,fashion,campaign_22,1.4003,0.7930049789596304,0.42539678998191177,0
65,desktop,14,0,fashion,campaign_22,2.4144,0.8478368672236546,0.7012876809646438,1
31,desktop,18,3,food,campaign_11,2.6125,0.9948242136208678,0.9208213047146138,0
23,tablet,14,1,fashion,campaign_07,0.7883,0.8729120163870842,0.5997550487160357,1
41,mobile,1,6,tech,campaign_00,1.8283,0.889899007072331,0.2272836415083398,1
18,mobile,20,1,fashion,campaign_28,0.5556,0.31434794262990484,0.017573950309176745,0
35,tablet,5,1,fashion,campaign_28,2.879,0.4016616340093764,0.6191131182675276,0
62,mobile,3,0,fashion,campaign_07,0.8314,0.26808510482055103,0.8645978880190527,0
31,mobile,21,0,tech,campaign_00,2.2072,0.6062993981927156,0.06597527757340937,0
54,mobile,4,1,tech,campaign_03,0.7702,0.9388053542070384,0.3975712089613459,0
43,tablet,12,1,food,campaign_02,1.8866,0.34464088651161773,0.9400469260809028,0
36,mobile,11,5,tech,campaign_24,2.0119,0.5570017818814502,0.5016769958568053,1
52,mobile,18,6,food,campaign_26,1.0524,0.29629963045348506,0.22065822978859306,0
48,desktop,1,5,fashion,campaign_04,2.4746,0.1697999737727075,0.35365641176884843,0
34,mobile,2,6,fashion,campaign_22,2.6676,0.19518552981865567,0.4081395661948063,0
29,desktop,9,6,food,campaign_05,2.5797,0.05794534453812994,0.11728951441679214,0
65,desktop,11,3,food,campaign_11,1.0593,0.9492935230092574,0.6607922438484112,1
26,desktop,18,2,food,campaign_17,2.2586,0.4028796085076296,0.5921643290924764,0
67,desktop,14,4,tech,campaign_21,1.7225,0.8341208920021081,0.6477228778655774,1
42,tablet,3,2,food,campaign_26,1.8186,0.6813294726896911,0.6107915686801879,0
69,desktop,23,4,fashion,campaign_01,1.4845,0.1919211614110854,0.01667206828833967,0
36,desktop,11,6,food,campaign_05,1.8408,0.17546224657908782,0.17446284956631963,0
47,mobile,23,1,food,campaign_08,0.4934,0.8119882015105448,0.16557200194586053,1
49,mobile,23,5,tech,campaign_09,1.2857,0.26471171061953735,0.09795148629798944,0
35,mobile,1,6,food,campaign_29,0.6152,0.9132851837019758,0.7354757731982764,1
29,mobile,12,3,food,campaign_23,0.9123,0.14005540468949063,0.12013721447849168,0
45,mobile,10,2,tech,campaign_09,0.4707,0.6777086144544695,0.6681940734503442,0
52,mobile,11,1,food,campaign_29,0.7162,0.8144738760309339,0.17839030965367542,1
31,mobile,7,1,food,campaign_14,2.3676,0.235256388415645,0.11831017824792633,0
57,mobile,13,2,tech,campaign_15,1.6945,0.27620736345656605,0.16253004861607934,0
51,desktop,11,5,fashion,campaign_13,0.1686,0.9645188861392017,0.50840345653802,1
26,mobile,4,3,fashion,campaign_04,2.3867,0.2645976053461583,0.6454825098577557,1
66,mobile,6,1,fashion,campaign_28,2.7375,0.4299570499000478,0.8119248600576368,0
20,mobile,3,3,tech,campaign_00,2.6532,0.4325155932423661,0.1285622054646306,0
51,mobile,20,5,food,campaign_05,2.4867,0.25303474992968356,0.6161867473858301,1
40,mobile,16,0,tech,campaign_06,2.9774,0.7757910864370905,0.7738395994112472,1
51,desktop,9,0,food,campaign_08,1.8006,0.7718493432291552,0.3124051715078844,1
58,desktop,9,6,tech,campaign_03,2.8915,0.37831801422378564,0.07971557936743767,0
53,tablet,1,5,tech,campaign_00,2.8516,0.8351257910807337,0.15594596306651387,1
51,desktop,6,4,food,campaign_20,1.0084,0.21307493439900238,0.09155864756045673,0
61,desktop,22,6,food,campaign_29,2.604,0.004305775667678646,0.8872119310226779,0
54,tablet,0,4,tech,campaign_03,2.3982,0.571167362055741,0.37670166836023455,1
60,mobile,3,3,food,campaign_08,2.3498,0.9940777724523785,0.523348605135786,1
38,tablet,20,1,tech,campaign_15,2.6992,0.038644309826884604,0.7686881518043146,0
28,tablet,12,5,tech,campaign_27,1.2142,0.20799807370846057,0.3714984221207238,0
30,desktop,0,5,food,campaign_20,1.2602,0.5189146424870842,0.6491026546276127,0
49,tablet,11,2,fashion,campaign_22,1.9562,0.8099407364448706,0.07667985321843773,1
45,mobile,17,5,food,campaign_17,2.2396,0.08904200507505322,0.48090564756860044,1
22,tablet,8,5,tech,campaign_12,2.6512,0.3952346537588943,0.09651896617030764,0
28,desktop,9,0,food,campaign_05,2.64,0.7470758006298863,0.24828414068022808,1
68,mobile,15,1,fashion,campaign_25,2.1919,0.37154320840636157,0.29334082759546865,0
55,mobile,14,4,tech,campaign_24,2.875,0.18883642047563898,0.7175838038869466,0
57,tablet,21,4,tech,campaign_00,0.618,0.19549582739658733,0.6741041862892538,1
28,desktop,5,4,tech,campaign_21,2.856,0.41004878691499425,0.7470800889310658,0
21,mobile,6,2,food,campaign_02,0.2862,0.47941707480589113,0.06175504723733516,0
33,desktop,3,5,fashion,campaign_22,1.7113,0.861814417816014,0.9939142121730469,0
62,tablet,15,3,tech,campaign_24,0.3616,0.6422524185679935,0.05442002870976892,1
44,desktop,12,1,tech,campaign_03,1.7472,0.6904019545155015,0.825747791439154,0
58,mobile,8,0,fashion,campaign_13,1.2313,0.982987171535907,0.7402689334805356,0
43,mobile,16,6,tech,campaign_03,0.3367,0.41184344030097375,0.5917617904918199,0
43,mobile,9,4,food,campaign_17,1.9795,0.4033544032491283,0.4388571651449872,0
49,tablet,4,3,tech,campaign_27,2.2205,0.9233469677258123,0.7571323532701827,1
67,tablet,12,1,food,campaign_02,0.6051,0.24587558700505863,0.7398578032688461,0
40,tablet,10,0,food,campaign_11,2.1139,0.7298152463028666,0.13717833548980451,0
48,desktop,9,1,food,campaign_29,0.6192,0.7545731382181347,0.7926324729608702,0
65,tablet,10,0,tech,campaign_09,0.4984,0.09778799744544309,0.07855699743496525,0
37,desktop,21,3,tech,campaign_03,0.5274,0.468231405693584,0.5005461421285348,0
61,desktop,5,1,food,campaign_14,1.8373,0.20056247132155403,0.6450818265671943,0
45,mobile,6,0,tech,campaign_15,2.3585,0.18537527280248567,0.8216888573752277,0
63,desktop,13,1,fashion,campaign_19,1.831,0.4638281104628762,0.46311021809305375,1
42,desktop,1,4,tech,campaign_09,2.4471,0.28942970750806496,0.2368580775651452,0
50,mobile,3,3,fashion,campaign_28,1.8153,0.7960604476258709,0.4906596154566065,0
34,desktop,13,1,tech,campaign_15,2.4122,0.9076048913904824,0.2502081104371201,1
51,tablet,12,5,food,campaign_08,2.9319,0.8027206052883656,0.5287253814561483,0
34,desktop,15,3,fashion,campaign_28,1.2338,0.26603087262166525,0.46250818310651787,0
49,desktop,2,1,tech,campaign_27,0.5348,0.27413439368860837,0.7805044837503944,0
59,mobile,20,4,food,campaign_14,0.4927,0.2547283501174674,0.24009011344252895,0
40,mobile,11,6,tech,campaign_00,1.8327,0.13503809605623607,0.1999851841903395,0
40,mobile,3,3,food,campaign_17,1.6866,0.9437983681037112,0.47418533956695996,1
34,mobile,7,1,fashion,campaign_16,0.6343,0.40204779815706937,0.050504365190850664,0
55,tablet,5,2,fashion,campaign_04,2.6581,0.22468947454587374,0.22934062843550584,1
48,tablet,10,4,fashion,campaign_19,2.8746,0.8466710505082435,0.3537049141876919,0
44,desktop,11,6,fashion,campaign_25,0.8343,0.39919530265779046,0.48762971256091026,0
19,desktop,10,6,tech,campaign_03,0.7,0.03511681110966658,0.26943671122536406,0
23,desktop,11,6,tech,campaign_21,0.7204,0.16194157024963118,0.5606364947084064,0
18,desktop,21,5,fashion,campaign_04,1.2235,0.63925034035617,0.8784146664451715,0
62,desktop,23,4,fashion,campaign_22,2.5744,0.782905274171724,0.5437274613576021,1
62,desktop,11,4,tech,campaign_12,1.8283,0.21093438848871293,0.2868395217364318,0
21,tablet,23,5,tech,campaign_00,0.2959,0.9173955892661422,0.061980972002314894,0
20,desktop,19,5,fashion,campaign_28,1.4716,0.8509971200521644,0.13666630474832364,1
58,desktop,19,4,fashion,campaign_04,0.362,0.8483807540610809,0.5612173685471906,1
45,desktop,5,0,food,campaign_17,1.278,0.22766114679921412,0.6837088381043798,1
34,mobile,10,6,food,campaign_05,1.2702,0.050535988650057706,0.04966794355407056,0
49,mobile,8,0,tech,campaign_27,1.9802,0.8674235394825837,0.18554982971348166,0
30,mobile,2,2,fashion,campaign_22,1.6934,0.3058002287385674,0.31908127067657055,1
28,desktop,1,3,tech,campaign_24,2.6368,0.6189163811735259,0.31977310888050237,1
37,tablet,14,6,tech,campaign_12,0.1472,0.7599668837007301,0.958407014177961,0
64,tablet,10,0,food,campaign_14,2.3446,0.12829325851112017,0.20377059794242258,0
57,tablet,19,3,fashion,campaign_19,0.1657,0.7808383545190479,0.0625203494791089,0
27,mobile,16,2,food,campaign_23,0.9824,0.9385114589610658,0.3530148293123191,0
47,tablet,2,0,fashion,campaign_25,2.651,0.728374965746409,0.13444197102967947,0
63,tablet,20,1,tech,campaign_00,2.1022,0.4412227484805581,0.12658196513578912,0
67,desktop,11,2,fashion,campaign_19,0.5988,0.8766781387517029,0.40745066111712835,0
57,mobile,13,6,tech,campaign_03,1.5233,0.527457630072559,0.30639113924994865,0
24,desktop,23,2,food,campaign_08,2.1935,0.7447709278167541,0.09172677615535951,0
30,tablet,15,6,tech,campaign_24,2.8183,0.8205059438586041,0.6043034294274493,0
29,tablet,0,5,fashion,campaign_07,1.9395,0.749352861699006,0.50169976602035,0
25,desktop,4,5,food,campaign_23,0.1716,0.28785487604815396,0.07709966895130538,0
27,desktop,10,5,fashion,campaign_13,1.5491,0.11784390090583108,0.8627444740141443,0
34,desktop,0,4,tech,campaign_06,0.5436,0.23833852936206013,0.2847130582123327,0
46,mobile,4,5,fashion,campaign_10,0.2386,0.5028749369803532,0.9613807849471794,0
38,desktop,19,1,tech,campaign_15,1.8357,0.5052769222930958,0.9315386325563256,0
39,mobile,3,5,fashion,campaign_22,2.3531,0.5826443493145376,0.4340966262187528,0
30,tablet,4,0,tech,campaign_18,0.2046,0.39510183754789086,0.22856694043833492,0
25,tablet,12,5,tech,campaign_27,2.3724,0.7868913814500277,0.8348527125302225,0
69,desktop,2,4,food,campaign_26,2.1485,0.9131537503472078,0.3612858416224468,1
49,desktop,6,5,fashion,campaign_22,2.2808,0.24672505347947127,0.16355069467129824,0
29,tablet,22,4,tech,campaign_18,0.8097,0.736523217701888,0.5516077158189412,0
60,desktop,15,2,food,campaign_08,1.2414,0.6779718525450447,0.48940244270126576,0
61,tablet,23,2,tech,campaign_12,0.4473,0.523090499279315,0.8500178788139564,0
68,desktop,8,4,tech,campaign_03,0.7928,0.18853023387416024,0.7292813798393321,0
26,mobile,14,3,food,campaign_11,0.9781,0.7952322585827095,0.8761394868367537,1
51,mobile,5,2,tech,campaign_27,1.0264,0.9606262856288327,0.7347029123873744,1
68,mobile,9,3,tech,campaign_12,0.6076,0.7218363322336134,0.642174960647797,0
59,desktop,4,3,tech,campaign_03,0.6473,0.917859996625734,0.5001771522770128,1
29,desktop,19,1,fashion,campaign_19,2.7143,0.9841852649479997,0.9875532894964475,1
64,desktop,4,4,fashion,campaign_28,2.3733,0.3520506742392382,0.9591648240001723,0
39,mobile,4,2,food,campaign_26,1.099,0.6382235529263369,0.8488529815357496,0
43,tablet,11,1,food,campaign_08,2.8482,0.47393273763807797,0.7753192137855278,0
47,desktop,10,2,fashion,campaign_13,0.7929,0.9866287468632301,0.5775595501185121,0
58,tablet,7,0,tech,campaign_15,1.2798,0.09380782400772492,0.2597533605262068,0
24,desktop,8,4,fashion,campaign_07,2.4592,0.4123749142972246,0.8754390270879648,0
46,desktop,7,5,food,campaign_08,1.3844,0.8755390445272362,0.010816134878957717,1
60,desktop,21,6,fashion,campaign_07,0.7804,0.28405131052651544,0.2274399667939332,0
46,mobile,13,1,food,campaign_29,1.1688,0.7877928506388727,0.4037324450844698,1
32,mobile,22,3,fashion,campaign_22,1.5521,0.3827831627802557,0.586157155234072,0
20,desktop,23,3,fashion,campaign_25,1.8999,0.9799785398901583,0.5608793203603559,0
46,tablet,15,5,tech,campaign_24,1.2763,0.8835298364237075,0.1758158263852847,0
54,mobile,19,4,fashion,campaign_28,1.3508,0.30132035766261533,0.10479819981353178,0
46,desktop,2,5,tech,campaign_03,0.8654,0.7701931135378551,0.22232892758527967,0
68,tablet,22,5,food,campaign_26,1.6525,0.3368565438332687,0.3487087888964836,0
49,tablet,11,0,fashion,campaign_01,0.7364,0.6063628402155351,0.01405368792008621,0
44,desktop,17,2,food,campaign_14,2.6158,0.658480768393292,0.6924558205498558,0
20,mobile,5,4,food,campaign_17,2.2674,0.829595409085705,0.24772743573749145,1
47,mobile,2,3,fashion,campaign_10,1.2898,0.02445084088201488,0.3514044365483624,0
26,desktop,21,3,fashion,campaign_04,2.267,0.22015789115229967,0.3349016905838995,0
55,tablet,10,1,food,campaign_05,0.1203,0.7119178105885787,0.5118298008785218,1
26,mobile,3,4,tech,campaign_24,1.099,0.5635232369695373,0.859799722094611,1
65,tablet,15,5,tech,campaign_09,1.3769,0.4956050782011431,0.14938995350554118,1
33,tablet,1,0,tech,campaign_09,1.4624,0.055209956707980457,0.34072711323127003,1
40,mobile,10,4,tech,campaign_27,2.2713,0.3482758834614562,0.6920288077317835,0
25,desktop,16,6,fashion,campaign_04,2.8921,0.8651002319106483,0.04423141328043678,0
28,mobile,17,4,tech,campaign_27,1.202,0.030892837036032184,0.8299786351622237,0
65,tablet,10,6,tech,campaign_27,1.1167,0.3964362353648121,0.9618251404974265,1
32,desktop,8,2,food,campaign_17,1.8705,0.9451482876707726,0.6076372025819908,0
44,mobile,20,0,fashion,campaign_04,0.9156,0.05088073454501463,0.9565083710307213,0
69,mobile,4,4,fashion,campaign_04,0.5099,0.7497057510446368,0.41306182943174774,0
50,desktop,1,1,food,campaign_08,2.8885,0.25761261618203646,0.4150317306551369,0
20,mobile,3,0,food,campaign_17,2.4476,0.8666088321536725,0.10624890941343745,0
36,mobile,19,1,fashion,campaign_04,2.8796,0.746067978959365,0.0354469349997697,0
38,mobile,11,6,fashion,campaign_13,0.7317,0.8857051708583629,0.24450431813453388,1
32,desktop,0,5,tech,campaign_03,0.1516,0.215924790431266,0.4781286571011477,0
30,tablet,4,1,fashion,campaign_16,1.3681,0.5312927548186049,0.507682390862889,1
44,desktop,0,4,tech,campaign_00,2.8075,0.7792699435748007,0.21757538174143332,1
37,mobile,19,2,tech,campaign_21,0.5011,0.24569974299498099,0.6128056746614275,0
33,desktop,11,1,fashion,campaign_01,0.4398,0.23074630526721696,0.1812058748383879,0
39,tablet,1,6,food,campaign_05,0.3,0.027182133497585026,0.32621114026910014,0
35,mobile,5,5,food,campaign_05,2.3186,0.9585152939754523,0.19570951518932744,0
29,mobile,14,2,tech,campaign_24,2.3792,0.7100168800546234,0.6966635999901375,0
41,mobile,14,2,fashion,campaign_01,2.1166,0.6355603540101848,0.5165725082223118,1
66,tablet,19,5,tech,campaign_12,0.2545,0.7439947226949909,0.7361010990726155,1
44,mobile,0,3,food,campaign_17,2.1975,0.5316129186954394,0.05724816959164969,0
49,desktop,1,2,tech,campaign_15,1.401,0.47613382109041036,0.42536208023514144,0
69,tablet,0,2,food,campaign_20,0.5579,0.44953224112352086,0.9669585789814206,0
49,desktop,9,3,tech,campaign_24,0.9559,0.6404392121036413,0.053619514706363613,0
29,desktop,17,3,food,campaign_11,1.5533,0.2015349753923832,0.41837868969596215,0
38,mobile,15,0,tech,campaign_24,1.056,0.8880586950148697,0.04039821885562056,0
43,mobile,5,3,tech,campaign_09,2.9123,0.8117523712192651,0.14665332097079997,1
42,mobile,15,3,food,campaign_29,1.4768,0.34956361145203385,0.4625264515730515,0
25,tablet,15,1,tech,campaign_15,1.1792,0.5786092968125244,0.1575133976840526,1
23,mobile,4,2,fashion,campaign_22,2.0522,0.14102729995001462,0.5187554249638431,1
36,mobile,17,2,food,campaign_26,1.9866,0.972346247933598,0.9227316827700696,1
65,tablet,10,2,food,campaign_23,0.1071,0.9028926876302835,0.20040755819742673,0
55,desktop,1,6,fashion,campaign_25,1.8936,0.9218975064992004,0.10718650971219779,0
61,desktop,9,3,fashion,campaign_16,0.8069,0.3321630477034516,0.825276561982952,0
27,tablet,18,3,fashion,campaign_01,1.1882,0.16913470738285574,0.4602698474137552,0
39,desktop,16,1,food,campaign_14,2.1484,0.21177216346631034,0.8826110988441378,0
48,tablet,6,6,food,campaign_05,1.7164,0.09000139104508986,0.30612329466538724,0
40,desktop,18,0,food,campaign_26,1.1691,0.12011063010138434,0.6275320051870896,0
39,tablet,9,3,fashion,campaign_07,0.5855,0.07130453418484539,0.9233135543016643,0
36,tablet,11,1,tech,campaign_06,1.5659,0.9898230692048735,0.17169579944790592,0
20,desktop,2,5,fashion,campaign_07,1.0262,0.07405768336907359,0.8007285593054033,0
62,mobile,23,2,fashion,campaign_19,2.7475,0.13254208095141362,0.6315167498451273,0
66,tablet,20,2,food,campaign_17,1.6496,0.8272545955907364,0.8129467446270534,0
22,mobile,4,0,fashion,campaign_28,2.6113,0.5802402167429431,0.17069334495310817,1
39,mobile,13,5,tech,campaign_12,1.2315,0.7744172045693324,0.4340864703370123,1
44,desktop,18,2,food,campaign_08,2.4996,0.630912007772655,0.12883722847695267,0
58,tablet,12,1,fashion,campaign_01,0.264,0.882175070328948,0.9600821079853646,0
69,mobile,5,5,tech,campaign_00,0.9645,0.6384675277647406,0.06269172296013448,1
39,tablet,23,0,food,campaign_11,0.3267,0.5221250929031509,0.06548339799438829,0
56,tablet,6,3,tech,campaign_27,0.1918,0.7127496937612997,0.8981561921817023,0
66,tablet,8,1,tech,campaign_15,2.7647,0.44739275179210947,0.300762148137675,1
61,desktop,8,0,food,campaign_26,2.1789,0.3460638229047347,0.5970200328471501,0
33,mobile,21,0,tech,campaign_03,1.9128,0.4676524524502125,0.28747552890730677,0
60,desktop,12,1,food,campaign_02,1.6442,0.16971410509856066,0.6487583756275316,0
39,mobile,17,6,fashion,campaign_25,1.7517,0.7965717298026914,0.19246936927002722,0
18,tablet,21,3,tech,campaign_03,1.9522,0.26070378133594463,0.4588694580514693,0
57,desktop,22,6,fashion,campaign_01,2.4971,0.15353154633704746,0.5334921747803945,0
61,desktop,20,1,tech,campaign_12,1.831,0.2463522417832268,0.33364289028713,0
35,desktop,21,5,tech,campaign_27,2.2709,0.8420701517722398,0.25170061126895205,1
41,tablet,22,0,food,campaign_20,0.9148,0.33020129559773137,0.1402066676712168,0
36,desktop,23,0,food,campaign_02,2.9326,0.6860498695059002,0.7061443363079198,0
24,tablet,15,0,fashion,campaign_25,0.1925,0.8564096306557393,0.16828271599442324,1
69,tablet,3,6,fashion,campaign_25,1.2211,0.07774466692504212,0.29212639118814465,0
19,tablet,2,4,tech,campaign_24,2.6579,0.7650244051780429,0.3369087646165174,0
46,desktop,19,5,tech,campaign_27,0.6235,0.30766546637903003,0.4543667969796701,1
18,tablet,7,6,fashion,campaign_07,0.5099,0.21662236418404268,0.702568699550067,0
53,mobile,19,2,food,campaign_29,1.1597,0.6889014524529722,0.42794513465370543,1
64,mobile,22,5,tech,campaign_09,1.3418,0.9097966227332338,0.8710936214354834,1
51,desktop,15,3,tech,campaign_24,2.8068,0.2950192087123954,0.6797856466201845,0
49,tablet,18,3,food,campaign_17,2.5247,0.568833805384319,0.83848671613018,0
61,mobile,6,4,food,campaign_23,1.4459,0.28983411384949154,0.7163539613309406,0
68,desktop,10,3,tech,campaign_18,2.9216,0.5542855857264279,0.14863179983709962,0
62,mobile,23,0,fashion,campaign_19,1.9626,0.6218620306543405,0.9779273018640902,0
30,desktop,19,0,tech,campaign_18,2.6336,0.6103353887901798,0.7865862657683655,0
47,mobile,4,3,food,campaign_23,0.8136,0.6235463696427459,0.5727217686340125,1
60,tablet,22,3,fashion,campaign_22,1.518,0.1350797922175241,0.16523094073812616,0
33,tablet,11,5,fashion,campaign_04,0.1862,0.6935404695867196,0.17268064857897447,0
53,tablet,20,4,tech,campaign_24,0.1258,0.6747503563802233,0.6143311748601417,0
19,tablet,12,1,fashion,campaign_16,2.1458,0.6825881222168831,0.41619713300201133,0
63,mobile,14,2,tech,campaign_09,0.4431,0.07407055273870633,0.6758595005151458,0
49,desktop,3,3,tech,campaign_15,1.6886,0.4468388424141526,0.37242772489970266,0
56,mobile,8,6,food,campaign_29,2.1184,0.4090351320457297,0.5128451714565949,0
60,desktop,17,3,fashion,campaign_25,0.1935,0.08671148364319914,0.18795803796396204,1
29,desktop,20,4,fashion,campaign_25,1.4014,0.2223679278968107,0.1552011442938266,0
41,tablet,2,5,fashion,campaign_13,2.084,0.44096263179803674,0.0756447636984906,0
62,mobile,1,2,food,campaign_23,2.6802,0.7429063098580823,0.8196393048985523,1
26,tablet,16,6,food,campaign_11,0.9678,0.2370620769846632,0.5553862515796613,0
60,desktop,10,4,food,campaign_20,2.9252,0.8297499101249115,0.9471410399066623,0
32,tablet,20,5,fashion,campaign_19,2.5492,0.5457982857394634,0.749486281359328,1
47,desktop,1,5,fashion,campaign_07,1.9868,0.7604216851846175,0.768763160249494,0
44,desktop,8,4,fashion,campaign_07,1.2366,0.4725559833368571,0.5090584341970155,1
53,tablet,0,0,fashion,campaign_01,2.1622,0.49919422542222336,0.8154539365256507,0
61,tablet,17,4,fashion,campaign_04,2.467,0.6197193893796402,0.9420634453138168,1
36,mobile,20,0,fashion,campaign_13,0.9796,0.9279706081658242,0.7217402523354377,0
26,desktop,3,4,food,campaign_14,2.9792,0.49181258141290995,0.10558894088700133,1
39,mobile,7,4,fashion,campaign_04,2.735,0.528657538108291,0.6510198592535063,0
49,desktop,20,3,tech,campaign_12,1.508,0.6019969635275295,0.12043321224109194,1
57,tablet,0,2,tech,campaign_18,2.1962,0.7375151372977258,0.07722242241866784,0
57,tablet,22,0,tech,campaign_06,1.6196,0.07185033548623432,0.692900405115938,0
35,mobile,21,4,fashion,campaign_10,2.3067,0.5156874385219721,0.8347854319240385,0
66,desktop,3,4,food,campaign_11,2.4982,0.4815915892060435,0.1588414907293666,0
22,desktop,3,3,tech,campaign_15,0.1673,0.9216849842375704,0.07414860796604472,1
24,desktop,16,5,fashion,campaign_10,0.3295,0.4935065804363411,0.8865228941920439,0
19,mobile,0,5,fashion,campaign_22,1.0758,0.468320534694331,0.1322093369908689,0
66,mobile,12,3,tech,campaign_09,2.7611,0.962199988534702,0.03508609374373717,1
27,desktop,1,0,fashion,campaign_13,1.255,0.45057646360088155,0.721054368766489,0
49,desktop,12,6,food,campaign_11,2.6738,0.18088443032209034,0.8477155540953429,0
60,tablet,8,3,food,campaign_05,1.4411,0.21691612280578831,0.5144733414642263,0
57,desktop,16,4,food,campaign_20,0.9377,0.09518753833697413,0.5399252440937878,0
67,desktop,21,6,fashion,campaign_07,2.7119,0.0005681292589444498,0.3368605127273786,0
20,desktop,11,2,food,campaign_08,1.7259,0.43194566100048193,0.23846319886623257,0
39,tablet,15,4,food,campaign_23,1.1454,0.7692425812982214,0.7552320701755861,0
44,desktop,14,0,fashion,campaign_28,0.2288,0.7334664427998359,0.8492844081210426,0
54,desktop,23,6,food,campaign_20,0.4217,0.032149087802850196,0.3212447581651967,0
50,mobile,5,0,tech,campaign_27,0.504,0.5699829035940329,0.2738191848756514,0
47,tablet,5,3,fashion,campaign_25,1.158,0.154283125413476,0.2677917195450501,0
33,tablet,9,2,food,campaign_14,1.8613,0.9410762847646973,0.05059541802235612,0
23,mobile,17,0,food,campaign_23,0.992,0.16736499964417928,0.28107502484038105,0
40,desktop,20,3,tech,campaign_09,0.29,0.6266392176974815,0.02565091696900501,0
31,mobile,6,6,fashion,campaign_13,0.8679,0.32623836216405677,0.7884076224683728,1
46,tablet,2,1,fashion,campaign_16,1.2852,0.6415613259643522,0.25592682903096,0
59,mobile,14,2,fashion,campaign_28,2.9776,0.41225859646407514,0.6901551893513637,1
46,mobile,14,1,fashion,campaign_25,1.2397,0.7596430523063947,0.5431883855405562,1
48,mobile,8,0,food,campaign_14,0.3587,0.23067912532785784,0.8374636299771987,0
20,desktop,4,1,fashion,campaign_19,1.7852,0.9057918529142601,0.9603787275570217,1
51,mobile,20,4,tech,campaign_06,2.767,0.5002096493133521,0.367291614129165,0
40,desktop,20,5,tech,campaign_24,2.3814,0.7560931477128529,0.08834081988963716,0
24,tablet,17,4,fashion,campaign_16,2.525,0.8497301914012271,0.7496457643859228,1
29,tablet,13,5,tech,campaign_15,2.7919,0.9988286109548049,0.021302326199183375,1
58,mobile,6,5,fashion,campaign_22,1.946,0.22394566559395823,0.22296333448624628,1
65,mobile,9,2,tech,campaign_18,2.9853,0.28689241356345485,0.05325066847313853,0
44,mobile,1,6,food,campaign_02,0.1965,0.25043308673188824,0.8981483716198154,0
68,tablet,5,1,food,campaign_08,2.521,0.26287133215978264,0.0052970817015722815,0
27,desktop,10,4,food,campaign_05,2.5853,0.5824447415393774,0.4927421650152318,0
33,desktop,10,0,fashion,campaign_22,2.7584,0.993522523145843,0.42399912715898014,0
66,tablet,1,5,fashion,campaign_01,1.4867,0.9902780870927544,0.6527446645481395,1
27,desktop,22,0,tech,campaign_06,2.3845,0.5267732313623077,0.2897440885692498,0
52,mobile,6,1,food,campaign_17,0.6657,0.6390272102646738,0.8736954004694584,0
29,desktop,12,2,food,campaign_20,1.8491,0.859970543701606,0.7343457415813933,1
35,tablet,11,4,tech,campaign_15,1.1401,0.9329334584535052,0.4322944259922329,0
42,mobile,11,0,fashion,campaign_25,1.8289,0.2038606273295439,0.35802624951254136,1
36,desktop,20,1,tech,campaign_27,2.0591,0.5285417289424529,0.8158882474975845,0
63,desktop,17,2,tech,campaign_03,1.1065,0.8328370546615123,0.7570602985357707,1
68,mobile,20,5,fashion,campaign_28,0.7271,0.30320207663459164,0.3990000580240475,0
44,mobile,9,6,tech,campaign_18,1.0329,0.4398090424804667,0.3413718626101272,0
45,desktop,6,4,fashion,campaign_19,2.0255,0.985621101512008,0.038887989662542144,0
20,desktop,10,3,food,campaign_02,2.0629,0.985046696720871,0.08170724544014563,0
30,mobile,13,2,tech,campaign_18,2.2498,0.9061068107651816,0.05391845555423469,1
20,desktop,8,5,tech,campaign_21,0.467,0.7984483448280576,0.024415486348026816,1
62,desktop,11,0,food,campaign_17,2.4737,0.26913050072280575,0.15287238214078092,0
29,desktop,3,0,food,campaign_02,2.0956,0.32085007406718746,0.8571418176805748,0
35,tablet,14,1,tech,campaign_15,0.1885,0.5472828412048747,0.7981593107558651,1
61,mobile,17,1,fashion,campaign_28,1.0732,0.5607773745620122,0.8455738478281971,0
55,desktop,12,3,tech,campaign_21,1.4535,0.505502819357067,0.6238003614254719,0
50,mobile,20,6,fashion,campaign_04,1.1458,0.6366702799163061,0.62406310124067,0
20,tablet,23,4,fashion,campaign_28,0.4405,0.4083230226329888,0.12393174655301664,0
47,mobile,21,2,fashion,campaign_28,0.7013,0.7491741573155329,0.6989653536423868,1
47,tablet,2,1,food,campaign_05,0.1712,0.33354992647835535,0.280026410870473,0
34,mobile,21,4,tech,campaign_24,0.3699,0.33067699694635255,0.5192533297862011,0
56,mobile,8,1,tech,campaign_12,0.8723,0.127225961891828,0.9547226038008574,1
66,desktop,10,6,food,campaign_17,2.4779,0.18871221002891925,0.8706153943184273,1
31,tablet,9,3,fashion,campaign_13,1.6272,0.8505208789213576,0.23319350729579214,0
35,mobile,6,3,food,campaign_23,1.331,0.44628233858044153,0.7366506157002934,0
34,mobile,21,6,food,campaign_29,2.0203,0.2278677865528338,0.10409074995921108,1
61,tablet,15,2,food,campaign_23,1.6704,0.7593411000223874,0.026742485744032596,1
22,mobile,23,3,tech,campaign_27,0.4814,0.5539811258168594,0.028174274781860187,1
64,mobile,22,3,fashion,campaign_28,0.7456,0.021156011423293486,0.17024648421801236,0
58,tablet,10,1,food,campaign_02,0.7453,0.31636145733671517,0.6949484020937929,0
43,mobile,17,0,fashion,campaign_07,1.8399,0.17700141112134105,0.36330589345801867,0
48,tablet,12,1,tech,campaign_21,1.4387,0.6558728609828406,0.015942438966691785,0
64,tablet,11,0,food,campaign_17,1.224,0.27503104063025285,0.9880226313768419,0
58,tablet,17,4,fashion,campaign_01,1.7143,0.06494677920994363,0.5333784032319931,0
32,mobile,16,0,food,campaign_02,2.9133,0.05493498919766926,0.39388021511131754,0
20,mobile,21,2,tech,campaign_15,1.0112,0.5817272979587149,0.5188498950488314,0
52,desktop,18,6,tech,campaign_18,1.6086,0.021723455704089623,0.5199709098585499,0
25,desktop,14,3,food,campaign_05,1.4931,0.8487921131360887,0.4702365770929937,0
22,tablet,22,4,food,campaign_05,2.1783,0.15539711925727562,0.6129489044649707,0
69,desktop,2,4,tech,campaign_03,2.2178,0.6065663351954298,0.8856266198683065,0
42,tablet,18,2,fashion,campaign_16,2.2143,0.4446880280107457,0.30171369207708654,1
51,tablet,9,4,tech,campaign_00,0.6844,0.4428515212319025,0.4869686228459622,0
29,tablet,10,1,food,campaign_17,1.4024,0.07179714236004586,0.003643996196768695,0
23,mobile,18,4,food,campaign_14,2.4524,0.8027522502122156,0.8598142813182026,1
21,mobile,6,4,fashion,campaign_13,1.2064,0.8930524847532526,0.30590388891311626,1
36,mobile,21,6,food,campaign_20,2.9543,0.011016667384228462,0.2712968983283689,0
18,desktop,11,6,tech,campaign_15,1.1579,0.17860417569711773,0.9975371692110346,0
39,mobile,8,0,tech,campaign_21,1.5432,0.9039041887954788,0.5843929387451879,0
34,tablet,7,2,fashion,campaign_22,1.4761,0.5494936128000582,0.12304324614099027,0
45,mobile,10,3,tech,campaign_27,1.3576,0.15003957824821013,0.265524969893571,1
48,tablet,22,2,food,campaign_23,2.5523,0.20279045260915884,0.35322658826631137,0
34,tablet,2,4,tech,campaign_15,0.5503,0.6599862442371142,0.9860600478706539,0
41,mobile,12,5,food,campaign_14,1.7462,0.724816822246873,0.43062167791485795,0
22,mobile,20,1,fashion,campaign_07,1.8939,0.5994268085799352,0.23013398829280907,0
33,desktop,11,6,food,campaign_17,2.5685,0.9531483799125258,0.5697309674128171,0
68,desktop,13,6,fashion,campaign_04,1.8667,0.49406360366177704,0.4047596580570104,0
69,mobile,8,6,tech,campaign_27,2.8841,0.3002719121425267,0.05496038814187043,0
43,desktop,3,0,fashion,campaign_25,2.6293,0.4772329099757965,0.8609196124543255,0
66,mobile,15,2,tech,campaign_03,1.1113,0.35966629366661096,0.015687527283303915,1
44,mobile,22,0,food,campaign_23,2.5937,0.2244158926746863,0.8984836357454766,0
24,tablet,12,0,tech,campaign_03,2.8796,0.04596324934014007,0.7918587036018022,0
63,tablet,10,0,tech,campaign_21,0.8459,0.3522124935651242,0.07582321014241111,0
39,mobile,3,3,food,campaign_02,1.8696,0.7114093477097423,0.7236110778130539,1
49,tablet,22,0,food,campaign_14,0.9172,0.01843780287519381,0.7709416821393189,0
51,desktop,20,2,fashion,campaign_19,1.9837,0.4391785132059347,0.6023070734286845,0
34,desktop,21,6,tech,campaign_21,0.3716,0.6440094014498684,0.5776708001561233,1
56,mobile,8,6,tech,campaign_12,2.2291,0.6104041091743072,0.04968702624797405,0
44,desktop,15,6,tech,campaign_27,1.3175,0.7766484358887159,0.05949637182278256,1
37,desktop,10,0,food,campaign_23,1.8032,0.8105197156597975,0.7272886498356969,0
33,desktop,5,4,tech,campaign_06,0.175,0.7117058209193878,0.10556517891890982,1
56,mobile,4,4,food,campaign_20,2.1168,0.10279769614474943,0.24184410070647755,0
30,mobile,9,0,tech,campaign_21,1.5384,0.47502244400436067,0.49883659382335876,1
24,desktop,13,6,fashion,campaign_10,1.9132,0.6034059574876086,0.16416367361268158,0
63,mobile,2,2,fashion,campaign_22,1.0154,0.2455660388094516,0.7898395605500256,0
35,mobile,16,6,food,campaign_26,0.5229,0.04255181764677651,0.8073780237790886,1
51,desktop,10,0,tech,campaign_24,1.3627,0.2235903208760469,0.842143211260892,0
55,tablet,21,4,fashion,campaign_22,2.8375,0.45489440173263884,0.04956812077470496,0
61,desktop,6,0,fashion,campaign_19,0.7606,0.41393031905460087,0.4278731612336244,0
50,mobile,1,6,food,campaign_08,2.0599,0.17666698132716163,0.8469176727143358,0
54,tablet,7,4,food,campaign_23,0.2445,0.8244155426834928,0.3632193903066989,0
61,desktop,23,0,fashion,campaign_10,2.1825,0.9256866687367246,0.6958203783230225,1
67,tablet,7,1,tech,campaign_15,0.7915,0.20134831905271522,0.5892459041900096,0
20,mobile,16,2,tech,campaign_09,1.4094,0.9295729155672217,0.3472086167071786,1
56,desktop,20,0,tech,campaign_09,1.1665,0.017860959175180824,0.27640482909042374,1
27,mobile,6,0,fashion,campaign_04,0.4272,0.9249624727069454,0.6527430920994067,1
64,desktop,15,6,fashion,campaign_28,1.1022,0.9519287900809079,0.133624137002897,1
20,mobile,4,6,fashion,campaign_04,1.1154,0.012051863015925202,0.8601225190877586,0
30,tablet,8,3,food,campaign_02,1.6141,0.7630192967767481,0.5764434410807034,1
27,mobile,7,6,fashion,campaign_28,2.9198,0.9702015725698434,0.11150350512583918,0
49,desktop,16,4,fashion,campaign_16,1.4631,0.9059022188177783,0.7035276451933636,1
18,mobile,21,0,fashion,campaign_13,2.7518,0.970710161196213,0.431112549882419,1
18,tablet,6,5,fashion,campaign_22,1.4385,0.5503235056976393,0.2040814153631757,0
44,desktop,6,0,food,campaign_11,0.4119,0.07815613988538828,0.9610692929248661,0
68,tablet,19,5,tech,campaign_03,0.7674,0.8497891978050361,0.7196477850144256,1
45,desktop,11,2,tech,campaign_21,1.2818,0.6138282558090116,0.5929936233279961,0
41,desktop,12,0,food,campaign_05,1.0436,0.614736744188289,0.8488671810593617,1
52,mobile,16,1,fashion,campaign_16,2.6109,0.4172536098586862,0.5438697898821526,0
46,desktop,3,4,fashion,campaign_28,2.0681,0.5718419765211091,0.44147061233290386,1
38,desktop,20,5,fashion,campaign_28,1.7771,0.15357977908611453,0.1894468598607083,0
48,mobile,8,3,fashion,campaign_10,1.5246,0.7397700265661503,0.15339042511817869,1
18,desktop,15,1,food,campaign_23,1.2521,0.07501730735154233,0.4319693163718482,1
30,mobile,10,6,tech,campaign_18,1.8754,0.729780767043792,0.4559745790275158,1
53,mobile,18,5,food,campaign_14,0.4614,0.848978422624854,0.7333125052307272,0
35,mobile,14,2,fashion,campaign_04,0.5713,0.4724686775644882,0.4420850100368764,0
20,desktop,4,3,food,campaign_11,0.979,0.5098303660570493,0.5931592005654178,1
24,mobile,4,6,fashion,campaign_19,0.5964,0.31221427292207826,0.832518524076246,1
63,mobile,21,2,food,campaign_29,2.0636,0.9694585837255876,0.9933346955105418,1
35,desktop,12,0,tech,campaign_00,0.1718,0.7331244745595453,0.32252531515128247,0
19,mobile,6,1,tech,campaign_21,0.5645,0.36898855330034497,0.9019544637283687,0
55,mobile,3,4,fashion,campaign_25,2.7176,0.17480738623300507,0.8060508718535989,0
45,desktop,3,6,fashion,campaign_28,2.9929,0.21957959220209133,0.06800669031955309,0
41,mobile,22,5,tech,campaign_12,1.514,0.46392228611005004,0.33415893085389126,0
64,tablet,23,4,tech,campaign_03,1.5366,0.9425684003143379,0.21904295983438338,1
34,desktop,9,2,food,campaign_08,2.3429,0.7341463457609181,0.664384272422998,1
47,tablet,4,3,fashion,campaign_25,0.2049,0.21524374817914982,0.5552991362176882,1
56,tablet,10,0,food,campaign_26,1.3384,0.8595611334188981,0.49485105258955364,1
49,tablet,3,2,fashion,campaign_19,0.3895,0.3782005230096811,0.7635637638075775,0
28,desktop,13,4,tech,campaign_03,1.2627,0.8517221827525187,0.3333086958119834,0
53,desktop,15,6,tech,campaign_03,2.9531,0.24169959798113094,0.3827522955532656,0
56,tablet,23,6,food,campaign_14,2.2855,0.6186606119363176,0.8656339482254493,1
24,mobile,7,5,food,campaign_17,2.9566,0.9266704880812819,0.9722085092600066,1
26,tablet,4,0,tech,campaign_00,2.2635,0.25789400914779415,0.7763573407678322,0
53,mobile,3,5,food,campaign_20,1.8635,0.6929265905858549,0.21707097477722626,1
24,mobile,9,1,fashion,campaign_16,2.2872,0.9873126199571438,0.11265163216384733,0
63,mobile,14,4,tech,campaign_00,2.0114,0.1505982872430035,0.209205147765802,0
23,mobile,1,6,food,campaign_02,1.4458,0.0884022907006744,0.4227613650228964,0
68,mobile,18,6,fashion,campaign_13,0.9484,0.6741951924448162,0.23669702774763823,0
52,tablet,11,4,tech,campaign_21,1.6085,0.3397359477490304,0.9010411480720117,0
41,mobile,19,2,tech,campaign_24,0.8496,0.07124447736659112,0.6707229017674402,0
31,tablet,11,3,tech,campaign_12,1.5114,0.47530561788360415,0.4167292447830141,0
35,desktop,3,4,food,campaign_08,0.5238,0.7537706796439557,0.2738117328615608,0
56,tablet,0,3,food,campaign_29,1.7396,0.28512240041518877,0.38066100514096435,0
57,desktop,13,2,fashion,campaign_13,0.8113,0.33504687750513473,0.4760505953667302,0
28,mobile,12,2,tech,campaign_09,0.9515,0.8456994006469721,0.7138223521757286,1
46,mobile,19,4,fashion,campaign_13,1.5472,0.5200719122614881,0.0893415582288789,0
69,desktop,21,0,tech,campaign_00,0.5713,0.842731968806472,0.8488329397889457,0
31,tablet,3,6,tech,campaign_09,2.8909,0.4463894921437095,0.12756003113018,0
54,mobile,7,0,tech,campaign_15,1.3961,0.9529751615601034,0.2624500819724379,0
26,desktop,4,6,tech,campaign_27,1.1216,0.6507945897177367,0.9935898957725838,0
61,tablet,2,0,fashion,campaign_22,0.1847,0.11589886531924942,0.19020863404425115,0
26,tablet,0,3,food,campaign_23,2.5454,0.8850929882268007,0.10114218778634565,0
33,desktop,1,2,fashion,campaign_16,1.9149,0.4892651908307978,0.6384053019187983,1
41,mobile,12,4,tech,campaign_03,1.3076,0.14163896797290498,0.3931290798512249,1
37,mobile,3,3,food,campaign_11,0.812,0.15269013384142072,0.09183543426850871,1
26,desktop,4,6,food,campaign_29,2.2609,0.6875339351098718,0.003742428349045035,1
51,desktop,2,0,fashion,campaign_01,2.8419,0.04737250672948978,0.0791615763814778,0
19,mobile,17,6,food,campaign_26,1.2043,0.2865937649138133,0.5227355787719067,0
69,mobile,15,4,food,campaign_20,0.4911,0.1397875904698681,0.23089294513094227,0
20,desktop,23,5,food,campaign_08,0.4167,0.44107742961728424,0.7775521343189499,1
35,tablet,2,0,food,campaign_23,0.1184,0.4143537719943613,0.857508633071743,1
66,mobile,5,0,fashion,campaign_25,2.2575,0.5218764346888559,0.14483301771529433,0
26,desktop,10,2,fashion,campaign_01,2.946,0.2796363291025302,0.33701987073447015,0
21,mobile,15,2,tech,campaign_03,2.9792,0.032043589378177195,0.14657412546819748,0
56,mobile,3,5,fashion,campaign_19,2.3742,0.6143861065351858,0.2866927035819472,0
21,desktop,5,6,food,campaign_29,0.5703,0.37371800288235135,0.2392044187505713,1
64,mobile,10,2,tech,campaign_00,2.9354,0.6513349987400464,0.7868649009371865,1
41,mobile,0,5,fashion,campaign_19,1.0507,0.10866697080426846,0.3454796780140662,0
63,tablet,9,0,fashion,campaign_04,1.0675,0.01377735529405033,0.49556479874417636,0
30,mobile,18,5,fashion,campaign_19,2.0933,0.24829424788529275,0.6738951054729815,0
25,mobile,12,0,tech,campaign_18,0.2422,0.4565473229940522,0.8222566491521867,0
68,tablet,10,4,food,campaign_02,2.4947,0.3940719741684673,0.3012090903224518,0
57,desktop,11,2,food,campaign_20,2.9922,0.8103025552734664,0.20922066770401915,0
65,mobile,22,2,food,campaign_26,2.3477,0.37783764419282395,0.9784533737558676,0
34,desktop,12,1,fashion,campaign_25,2.3669,0.5304411796030789,0.32014754464749695,1
39,desktop,12,2,tech,campaign_00,1.2319,0.5935155924421922,0.6710680991808755,1
48,mobile,22,6,fashion,campaign_07,0.2912,0.021831391645811604,0.6778410406778043,0
41,desktop,3,5,fashion,campaign_07,2.3987,0.515133376846189,0.514029445599541,0
30,desktop,2,2,fashion,campaign_13,1.8318,0.34483125939883785,0.22844744548455698,0
37,mobile,10,2,fashion,campaign_04,2.7371,0.4212801276832546,0.14145742095417624,0
49,tablet,7,3,fashion,campaign_25,0.4363,0.10028739849525026,0.4870161449144311,0
19,desktop,4,4,food,campaign_23,0.9849,0.7828205656486452,0.510929536711377,0
35,tablet,2,1,tech,campaign_24,1.1459,0.9424042508085225,0.7733667567747976,0
33,mobile,21,5,food,campaign_05,2.0815,0.022268820629600006,0.7098334439521935,0
21,mobile,14,6,tech,campaign_00,2.3845,0.6013727628113479,0.9120412788358667,1
24,tablet,16,5,tech,campaign_27,2.887,0.7638440672883581,0.9708605618876316,0
43,tablet,2,3,food,campaign_08,0.9567,0.2848075886498894,0.7278513261995407,0
23,mobile,8,2,fashion,campaign_19,1.5315,0.7875555848632168,0.0765112488302534,0
35,tablet,14,2,tech,campaign_27,0.184,0.6323550507663013,0.40511830921710257,1
47,mobile,12,5,fashion,campaign_01,0.8337,0.92916263227107,0.6088023698406829,0
63,desktop,16,3,tech,campaign_00,1.1846,0.9810048113537728,0.5901950714499575,0
23,mobile,16,0,tech,campaign_00,1.822,0.042346113998704804,0.18144378583059817,0
40,desktop,9,4,fashion,campaign_04,1.4655,0.4449377610270062,0.5829447294508714,1
23,tablet,18,0,fashion,campaign_01,1.157,0.5469877875782182,0.3496805078814441,1
40,tablet,6,6,tech,campaign_24,1.9098,0.14674323320765248,0.33892684484371594,0
42,tablet,1,2,tech,campaign_18,2.503,0.3362858304273617,0.8340070053012362,0
59,mobile,21,2,food,campaign_29,0.8009,0.9876474477564617,0.42193315866822,1
40,tablet,0,0,tech,campaign_24,1.0943,0.016230456342471444,0.5273959540644526,0
66,desktop,6,1,fashion,campaign_28,2.1443,0.45250793152438407,0.5628728610344788,1
25,desktop,2,6,fashion,campaign_07,2.356,0.8426546217181962,0.5629967798516162,0
20,tablet,5,3,food,campaign_08,2.4937,0.32390126271928843,0.21312151378337207,0
18,desktop,9,6,fashion,campaign_25,0.7071,0.47979850275515334,0.5994533631490071,0
36,desktop,3,6,fashion,campaign_07,1.6639,0.97804574578798,0.3346236089441196,1
28,desktop,11,0,fashion,campaign_01,2.71,0.4748768364757039,0.6550202945961696,0
22,desktop,22,2,food,campaign_20,1.2367,0.13092131214649905,0.1456975989657271,0
30,tablet,3,5,tech,campaign_24,1.3467,0.05172149166639106,0.9941155946336695,0
68,desktop,22,3,food,campaign_29,2.956,0.9454165724399485,0.7720432914533956,0
59,desktop,9,3,tech,campaign_27,0.4279,0.2658094132750657,0.4172514334843075,0
18,mobile,14,3,tech,campaign_03,2.1462,0.5040639065645509,0.30135185086428296,1
65,desktop,10,4,food,campaign_23,2.5655,0.0907017660899686,0.3878020348178458,0
28,tablet,7,6,fashion,campaign_25,0.5373,0.42365512055060506,0.7212082727738749,0
39,desktop,2,6,food,campaign_20,2.1719,0.9301055192501241,0.6554077995845652,0
35,mobile,14,4,tech,campaign_24,1.4622,0.5024129936309384,0.7020925120005874,1
39,desktop,21,4,fashion,campaign_25,2.5734,0.9711351518023279,0.8889991954515393,0
57,tablet,12,2,fashion,campaign_13,2.7316,0.25883563723739966,0.4562952263104093,0
55,mobile,14,0,fashion,campaign_01,2.6302,0.5045452397039372,0.6695211484476647,1
48,mobile,15,4,fashion,campaign_13,0.2867,0.8595307918093252,0.4415079549598683,0
50,desktop,9,0,tech,campaign_06,2.2949,0.4482523545537438,0.6380980781198765,0
55,desktop,2,4,tech,campaign_03,2.7724,0.2794873735701896,0.47482363696294716,0
27,mobile,12,3,tech,campaign_03,1.9019,0.8554753634178817,0.7766636273378931,1
38,tablet,20,5,food,campaign_20,1.8425,0.389889468872609,0.0052601232837330425,0
23,tablet,7,6,tech,campaign_15,0.2305,0.5307232910602341,0.21571095578978183,0
54,desktop,20,3,fashion,campaign_16,2.5825,0.9765270664151456,0.29643762516324457,1
40,desktop,20,4,fashion,campaign_22,0.2346,0.1864832947558639,0.9453945062511162,0
51,mobile,5,3,fashion,campaign_16,1.0092,0.3014006367201857,0.5070462129669179,0
47,tablet,13,2,tech,campaign_18,2.785,0.031069600069839942,0.3643518799981412,0
32,tablet,17,0,food,campaign_02,2.8543,0.39183770991005273,0.40431211561367186,0
25,desktop,11,0,fashion,campaign_25,2.9765,0.20018343058485955,0.4518222834325363,0
68,desktop,16,5,fashion,campaign_13,1.4816,0.6800349354078914,0.867830390113971,0
33,tablet,21,6,fashion,campaign_04,0.6145,0.18132145876585237,0.9623358656801378,0
23,tablet,15,0,tech,campaign_24,1.515,0.6748127524058697,0.8441646397402306,1
33,mobile,20,2,fashion,campaign_22,0.3967,0.2634754281893177,0.8416567634189485,0
64,tablet,19,4,fashion,campaign_01,2.6304,0.3552178341211998,0.1990151109554612,0
31,tablet,19,4,food,campaign_05,1.7256,0.3488606520463975,0.26867807176225533,0
69,tablet,20,5,tech,campaign_00,1.2731,0.7167517501636094,0.5960491805580991,0
41,desktop,5,4,food,campaign_08,0.3306,0.46650926313834307,0.6561374134413109,0
62,desktop,0,0,food,campaign_02,1.2752,0.36129889885268307,0.2027053734460813,0
51,mobile,3,1,tech,campaign_21,2.612,0.8526227190394499,0.7462818727465174,0
20,desktop,5,3,tech,campaign_15,2.1399,0.5719506256412027,0.19996355291958678,1
44,mobile,16,0,food,campaign_29,0.3391,0.2138308212779978,0.2630106465894142,0
39,desktop,12,2,fashion,campaign_22,0.5637,0.9000912781436826,0.30679553798161063,1
28,mobile,11,2,tech,campaign_18,1.2377,0.3426502960336406,0.8459914164903171,0
46,desktop,0,6,tech,campaign_15,0.394,0.03897937753732039,0.7320838968708833,0
23,desktop,16,2,fashion,campaign_01,2.8087,0.4946002239744529,0.5306854357241814,0
54,mobile,8,6,food,campaign_02,1.9916,0.1239380544408778,0.8197492981348952,1
60,tablet,18,4,tech,campaign_18,0.375,0.23846644371574255,0.8129282473359235,0
22,desktop,2,4,tech,campaign_00,2.3854,0.747110872687411,0.3898330959487234,0
42,tablet,7,5,fashion,campaign_01,1.1684,0.13075181337631858,0.7814372874874199,0
52,mobile,1,5,tech,campaign_06,0.8101,0.8069442243540357,0.20624277200165753,0
21,tablet,6,1,food,campaign_26,1.753,0.9369072881309537,0.5032288499555093,0
38,mobile,22,2,fashion,campaign_13,0.1388,0.6065321004079447,0.11824173038867036,1
31,desktop,11,3,tech,campaign_21,1.4497,0.7103591920228293,0.426794485591258,0
20,desktop,10,6,tech,campaign_12,2.547,0.7135866099074174,0.5203657697671906,1
59,desktop,6,0,food,campaign_05,2.7914,0.9928079572704449,0.07991835791607027,1
41,desktop,6,3,food,campaign_11,1.0934,0.34153826220162287,0.4626127617317499,0
57,tablet,16,1,food,campaign_02,1.9631,0.16285655124270249,0.651670542960133,0
48,mobile,23,1,food,campaign_23,0.7578,0.5191672349143215,0.6140882347447378,1
63,tablet,17,5,food,campaign_05,1.7246,0.5332498098317082,0.054353887891056996,0
69,mobile,17,1,food,campaign_11,0.8367,0.17791248829614448,0.09533968590820108,0
49,mobile,11,5,food,campaign_29,1.7569,0.6131094189941395,0.35135624595514103,0
36,mobile,2,6,food,campaign_17,0.598,0.01412473347682397,0.8426857229161057,0
39,tablet,17,5,fashion,campaign_13,2.8296,0.9276684024542216,0.8697560531673625,1
60,mobile,19,1,fashion,campaign_16,2.6721,0.26457427782126164,0.309612869707926,1
40,desktop,12,0,food,campaign_23,1.0771,0.03956020839019181,0.7188920852414564,0
45,desktop,2,3,fashion,campaign_07,2.3523,0.10824944147485704,0.5773905923516431,0
28,tablet,17,3,fashion,campaign_19,0.377,0.24024894827964172,0.9834222587594326,0
69,desktop,22,5,food,campaign_26,2.247,0.2739061686060452,0.09464391228969171,0
51,tablet,5,2,food,campaign_17,0.9191,0.03280999949772867,0.5478807422402548,0
35,tablet,3,1,fashion,campaign_13,0.4934,0.27935481219372915,0.5925376488712538,0
48,tablet,17,6,fashion,campaign_04,2.0668,0.19294173649348212,0.3076685709511161,0
38,tablet,7,6,fashion,campaign_07,1.4624,0.3786209274345186,0.046953247491470784,0
26,mobile,17,4,fashion,campaign_28,1.6374,0.3851677373559692,0.052104535687826026,1
63,desktop,16,4,fashion,campaign_16,1.6095,0.3390077406028791,0.45361805420063817,0
64,desktop,6,6,tech,campaign_09,0.2724,0.327923883530704,0.6924737894439191,0
61,mobile,1,3,tech,campaign_12,0.249,0.08973127774125123,0.7001757858031274,1
37,mobile,13,1,food,campaign_17,1.8434,0.02520494712616217,0.18096984972182417,0
31,mobile,9,4,fashion,campaign_16,1.9092,0.2021143001564666,0.8579721410057863,1
20,tablet,20,3,food,campaign_20,0.2368,0.7566494274166153,0.3771624259697449,1
56,desktop,8,5,fashion,campaign_07,1.1975,0.9908097655511221,0.9643679019724178,0
35,mobile,5,5,fashion,campaign_19,1.8773,0.928526175057329,0.11815963442563682,1
64,tablet,20,3,fashion,campaign_13,2.0044,0.5042193555377686,0.8364546986354818,0
63,tablet,17,2,fashion,campaign_28,2.502,0.5318238557779342,0.9083381532454478,0
24,tablet,14,2,fashion,campaign_04,1.3201,0.31458156903584256,0.8226755261437314,0
65,tablet,22,4,fashion,campaign_04,1.6899,0.7739394386376562,0.808841141199684,1
25,tablet,18,4,fashion,campaign_13,1.7778,0.7647566879326486,0.361310015404945,0
43,mobile,20,3,tech,campaign_15,1.0049,0.8442723575824446,0.713343106720973,0
42,tablet,19,3,food,campaign_20,0.2561,0.8955045771968844,0.5793465660113004,1
67,desktop,9,6,tech,campaign_12,0.1123,0.43434924822529575,0.4244791314312184,0
52,desktop,1,1,tech,campaign_27,2.5248,0.7668755681071976,0.9931116960536798,1
63,desktop,14,1,food,campaign_14,0.6807,0.8063987287958786,0.2904547181451199,1
48,desktop,18,5,tech,campaign_03,1.9277,0.30845962249775016,0.4131440221877841,0
60,desktop,23,6,tech,campaign_03,1.7734,0.92924224400615,0.9028610373381174,1
62,tablet,16,4,food,campaign_29,1.2589,0.09434150263965546,0.28900827909627413,0
62,mobile,13,2,fashion,campaign_04,2.5171,0.9942691791632828,0.15268114212853778,0
39,mobile,13,2,fashion,campaign_28,2.1254,0.7700907181588694,0.30999974966948507,0
37,mobile,2,3,food,campaign_08,0.166,0.09327090532432725,0.759311677101791,0
69,tablet,0,0,food,campaign_02,2.3524,0.6562296481050006,0.859854009702266,0
57,desktop,1,3,tech,campaign_09,1.5703,0.03417941092826016,0.1144449876223611,0
65,desktop,21,1,tech,campaign_18,1.1064,0.7701869494441829,0.6217126810748266,1
48,desktop,18,1,tech,campaign_12,2.208,0.7992229216590553,0.5672869055947429,0
66,desktop,6,3,food,campaign_23,2.0896,0.6024102530914477,0.6687977855133651,0
55,desktop,10,6,tech,campaign_18,1.0007,0.8568603919165705,0.671056371126796,1
56,mobile,11,1,tech,campaign_12,2.9508,0.0978832802148597,0.9594674702665283,0
27,mobile,5,6,fashion,campaign_19,1.9813,0.2759238420408132,0.3465292084267393,1
47,tablet,10,3,food,campaign_29,1.8568,0.4141775215926705,0.2997669217357788,0
56,desktop,8,6,tech,campaign_12,0.3027,0.04245795282809828,0.5812252858218252,1
57,mobile,16,2,fashion,campaign_04,0.91,0.44821608757116616,0.42941845923866173,0
67,desktop,18,6,tech,campaign_12,1.3962,0.26521345611256597,0.4737542723125783,0
35,desktop,2,4,fashion,campaign_25,1.9288,0.392735012101753,0.06927699350449279,1
33,mobile,11,4,tech,campaign_06,1.587,0.42510263199230647,0.14824217695359299,1
68,mobile,23,3,fashion,campaign_28,2.3128,0.8794117334876851,0.9353749365928619,1
69,tablet,20,3,food,campaign_17,0.8614,0.27034097052763906,0.06829145167012174,0
27,mobile,19,3,tech,campaign_18,2.1363,0.893743128716272,0.5901455926806208,1
37,mobile,17,5,tech,campaign_09,2.4681,0.42597096481284924,0.7545750290178902,1
67,desktop,0,5,tech,campaign_27,2.3186,0.327807720693986,0.011863528440827498,0
28,desktop,23,0,fashion,campaign_01,2.3355,0.502512049335146,0.22274814793338482,1
58,tablet,17,4,food,campaign_08,2.6767,0.41774328636283964,0.3770720308493868,1
23,tablet,21,5,tech,campaign_12,0.3441,0.2573723130551461,0.5068174470686685,0
27,mobile,21,5,food,campaign_14,2.1219,0.5026793247960669,0.3415952947556604,1
58,desktop,6,3,food,campaign_14,2.9092,0.15180173307883127,0.64899925814905,0
49,mobile,0,2,fashion,campaign_04,1.7636,0.3519299430229661,0.22639751725071267,0
46,desktop,15,4,tech,campaign_06,0.7302,0.5657902193740906,0.025482936429019,0
62,mobile,11,4,food,campaign_02,2.9964,0.41340824438985857,0.0015710508182541494,0
33,mobile,0,2,food,campaign_17,0.6066,0.8239123610507965,0.3455120119496342,0
44,tablet,6,2,fashion,campaign_10,1.0731,0.25672176153516624,0.36166279919424715,0
49,mobile,23,2,fashion,campaign_16,0.599,0.9697715788310101,0.9486041173865439,1
56,desktop,8,0,food,campaign_17,1.4471,0.7847220208513513,0.0447807125202363,0
35,mobile,6,0,tech,campaign_21,1.3147,0.9675930259974722,0.5300650601351811,0
50,tablet,15,0,fashion,campaign_16,1.5246,0.8381365548303041,0.5778133142638463,1
41,tablet,15,2,fashion,campaign_19,2.7912,0.14210392585164267,0.6992750118977196,0
46,desktop,7,3,food,campaign_17,1.4871,0.5264600906350138,0.6387346001406605,1
62,tablet,20,2,fashion,campaign_19,1.5924,0.16997852119578571,0.008139493723942848,0
38,desktop,13,6,tech,campaign_18,2.6714,0.8182273526272573,0.6318576734090117,0
52,mobile,3,1,tech,campaign_09,2.4715,0.5841621491832959,0.3223879396997321,0
66,mobile,7,2,fashion,campaign_07,0.7952,0.2634493143569058,0.7728689613478019,0
57,mobile,20,1,food,campaign_23,0.1375,0.9295989720071713,0.1883653861356991,0
69,mobile,2,2,fashion,campaign_10,1.9255,0.11518605331426068,0.7162056519771793,0
48,mobile,0,4,fashion,campaign_16,2.5501,0.563862403471314,0.625495333689061,1
32,mobile,15,2,food,campaign_05,1.7033,0.7210405546667255,0.6522908853274749,0
69,desktop,10,2,tech,campaign_12,0.7124,0.05884853733243178,0.17594768708755426,0
51,mobile,6,4,tech,campaign_15,2.2499,0.5978560332062036,0.6691740013324623,1
30,desktop,11,5,tech,campaign_18,2.0417,0.8159012154630941,0.7369784086419149,1
34,desktop,4,1,tech,campaign_15,1.7386,0.06752731441805337,0.4894102612378056,0
31,tablet,8,0,fashion,campaign_10,2.6037,0.5122429711066271,0.3403656829875452,0
61,desktop,5,1,fashion,campaign_28,2.3743,0.25855717814874,0.16655484928817588,1
22,tablet,14,4,tech,campaign_15,2.0371,0.6629244515369208,0.28996052511074055,1
56,desktop,16,6,tech,campaign_24,2.0278,0.11867736707884491,0.763828362452521,0
46,mobile,21,1,fashion,campaign_22,2.0204,0.9370514306705069,0.40940072454625576,0
21,desktop,1,0,fashion,campaign_16,1.623,0.8947285817147318,0.7027132419932576,0
49,desktop,7,3,food,campaign_26,1.4454,0.18597441987570917,0.7400913249984867,0
57,desktop,6,6,tech,campaign_03,2.1578,0.3232658843651046,0.6741702241242896,1
55,desktop,13,3,tech,campaign_27,1.8704,0.587634974653043,0.6735384236829485,0
45,desktop,12,6,fashion,campaign_25,1.5209,0.7180623366342505,0.6108082043260515,1
35,mobile,21,4,tech,campaign_15,0.4673,0.4426560151602582,0.5184219787137135,1
26,mobile,22,0,fashion,campaign_22,2.1356,0.15629132196097506,0.19781668687026976,0
18,tablet,18,2,tech,campaign_15,1.9734,0.10415149380287159,0.8428033869218502,0
36,tablet,4,5,food,campaign_08,1.0925,0.9997653369143439,0.9642641724875953,0
50,mobile,0,3,food,campaign_23,1.1333,0.45535212144348725,0.4664840656001663,0
19,tablet,21,1,fashion,campaign_07,0.8155,0.8725317491484982,0.9332387558846558,1
69,tablet,22,1,tech,campaign_09,2.8896,0.48237600462911445,0.9979945377232834,0
48,mobile,6,4,tech,campaign_15,2.5946,0.9223576385460033,0.4861959125858206,1
33,tablet,1,3,fashion,campaign_25,1.727,0.0877593827715506,0.7243553737499681,0
68,desktop,16,4,food,campaign_11,1.2648,0.11401919133455096,0.6437903382505226,0
27,tablet,14,2,food,campaign_14,2.2368,0.9296321877242243,0.23726481600074723,0
67,desktop,21,2,fashion,campaign_01,1.6304,0.9474930450447849,0.04708944375431878,1
32,desktop,13,4,tech,campaign_03,2.93,0.31471744746536334,0.4533553111744568,0
37,mobile,18,0,fashion,campaign_01,0.2599,0.35516488699387183,0.7872049973962723,0
40,mobile,18,3,food,campaign_02,0.1994,0.452450234834758,0.32513466268969693,0
69,desktop,0,2,food,campaign_26,1.749,0.4161616800672908,0.7844387211931844,1
31,tablet,3,5,fashion,campaign_25,0.6895,0.19004521595959667,0.6548016819629555,1
68,tablet,18,5,tech,campaign_24,1.8525,0.8983753839393745,0.6955413518175873,0
36,tablet,4,2,fashion,campaign_01,2.3661,0.25330760070564373,0.28574088837739,1
32,desktop,4,1,food,campaign_02,0.5005,0.7052724094776516,0.4700473828430469,0
51,desktop,18,1,food,campaign_08,1.3778,0.06715567773497289,0.18170380002521713,0
54,desktop,4,1,fashion,campaign_16,2.0971,0.03875133152842947,0.2465805280797264,0
35,tablet,3,1,fashion,campaign_10,2.5182,0.6537304725769206,0.08985004309241518,0
24,mobile,0,5,food,campaign_14,1.5394,0.33901585757326036,0.12677340629620804,1
38,mobile,11,0,food,campaign_05,0.6978,0.6554593927200013,0.21051347929583653,0
46,tablet,15,0,tech,campaign_21,1.7988,0.09402120216883036,0.580234211375837,0
20,desktop,17,3,tech,campaign_09,1.4181,0.9498513799158633,0.4412111195476398,1
22,desktop,21,1,fashion,campaign_01,2.3386,0.7485144668930954,0.26693951256556203,0
65,tablet,15,5,fashion,campaign_22,1.7112,0.8762672330257992,0.8611124468976891,0
19,tablet,18,5,tech,campaign_27,0.9103,0.13647055404451092,0.5251476913419861,1
39,mobile,5,5,tech,campaign_00,2.2877,0.3201609688928694,0.9231094736357937,0
57,desktop,8,3,fashion,campaign_13,1.6015,0.3683441642063441,0.6349649622775677,0
35,desktop,7,3,tech,campaign_24,0.6149,0.5371726483268185,0.01578759652871664,0
43,tablet,1,2,tech,campaign_21,1.7329,0.2968684855074143,0.9134756910156951,0
22,tablet,23,1,fashion,campaign_25,2.8501,0.06063074218940512,0.8574633356808263,0
59,desktop,5,3,tech,campaign_12,2.146,0.3688783807374707,0.6352712227808992,0
50,tablet,10,6,food,campaign_11,0.9665,0.25454931462728214,0.534773555730818,0
62,desktop,8,1,tech,campaign_21,2.1615,0.38592129146321485,0.45292607331858503,0
62,tablet,1,0,fashion,campaign_04,0.9196,0.19695954262002624,0.4821748457668317,0
36,desktop,21,3,fashion,campaign_07,1.6738,0.26189637456473547,0.7692206408423498,0
20,desktop,5,2,tech,campaign_18,1.6271,0.6269523404322688,0.5131416023586858,0
36,desktop,2,5,food,campaign_20,0.8174,0.38815383457806507,0.17602469870244064,0
25,tablet,8,5,tech,campaign_03,1.1089,0.34538339316949207,0.05817756717299272,0
45,desktop,3,6,tech,campaign_15,2.8323,0.5339056327223729,0.12618627628651247,1
25,mobile,23,2,fashion,campaign_10,0.8267,0.7718605408439257,0.25144110883738613,1
65,mobile,4,6,tech,campaign_15,2.423,0.3788679563479572,0.36773412143970663,0
49,desktop,7,0,fashion,campaign_28,2.0354,0.5875194925558406,0.8924160121752087,0
31,tablet,6,2,food,campaign_02,1.6446,0.9662026253681762,0.239087232199668,0
65,desktop,0,1,food,campaign_29,0.4988,0.5219801141180507,0.3195985580025348,1
58,desktop,0,6,fashion,campaign_13,0.6933,0.9097975765175444,0.22301453952677386,0
40,tablet,12,4,food,campaign_23,0.619,0.7936726242564269,0.5457418187061334,0
25,desktop,5,2,tech,campaign_12,1.8017,0.05871868165014971,0.6170866962944869,0
35,tablet,2,1,tech,campaign_09,2.9228,0.42909887146925685,0.5321275318971607,1
48,desktop,6,5,food,campaign_23,2.644,0.6983184078685881,0.9518566512169402,0
57,tablet,6,4,food,campaign_20,0.1732,0.9867119124481999,0.9953780176541243,0
31,tablet,10,5,fashion,campaign_04,0.8938,0.4583762911615126,0.8373959898055633,0
56,desktop,23,3,tech,campaign_21,0.556,0.09278545412673944,0.8052961448903022,0
32,mobile,7,1,fashion,campaign_22,2.9295,0.5620091747128678,0.36605277674960857,1
30,desktop,16,2,food,campaign_11,0.7833,0.1265637921239603,0.5797835061619984,0
41,mobile,18,4,tech,campaign_27,0.6838,0.7515195602793934,0.35147241894888515,0
26,desktop,1,1,fashion,campaign_19,1.9005,0.5076769974617779,0.7843558461737393,1
39,mobile,12,0,fashion,campaign_10,1.7129,0.7234313683772865,0.171831139091836,0
36,desktop,10,5,tech,campaign_00,0.755,0.8693618268785237,0.21667171429464305,0
32,desktop,12,3,food,campaign_20,2.0441,0.6289480171627772,0.03869407087030885,1
58,mobile,4,2,tech,campaign_06,0.3813,0.6124393292531816,0.6089396733379924,1
35,mobile,11,3,fashion,campaign_22,0.1562,0.7545702954396313,0.688538258788957,0
54,desktop,2,5,tech,campaign_15,0.339,0.8424550014526674,0.003362286231378797,1
55,mobile,22,0,food,campaign_14,1.1581,0.8690537862770027,0.5107857639942506,1
52,tablet,14,3,fashion,campaign_04,2.9275,0.036430195682883304,0.3768745384897739,0
32,tablet,0,1,tech,campaign_21,1.687,0.5561902967977893,0.7923807818187677,1
61,tablet,12,0,fashion,campaign_04,2.2887,0.21626930979755143,0.038890745998643395,0
30,mobile,22,0,tech,campaign_12,1.0323,0.8603458907817834,0.048565688818078545,0
32,tablet,17,3,fashion,campaign_25,2.1861,0.6483976852033612,0.6202090987258799,0
63,desktop,6,3,tech,campaign_27,2.9019,0.42022247903243815,0.591638854579764,0
35,desktop,21,3,food,campaign_29,1.1375,0.1881042281213513,0.8310900229980103,0
54,mobile,4,5,fashion,campaign_28,2.9973,0.3390236259198265,0.5922668891573611,0
20,desktop,5,3,fashion,campaign_16,1.9514,0.7037776945402245,0.9493708285915013,1
49,tablet,3,4,tech,campaign_06,2.2709,0.2043595452116388,0.3143846422344221,0
63,mobile,22,5,fashion,campaign_25,0.8313,0.09358294533837275,0.3979214064048002,0
54,mobile,17,4,tech,campaign_24,1.965,0.888028758227551,0.9776746665029166,1
48,desktop,12,6,food,campaign_29,1.5819,0.7642103495801168,0.10752424337177813,0
62,desktop,16,1,fashion,campaign_19,2.8736,0.19979493065813259,0.7959048531962796,0
33,desktop,6,5,fashion,campaign_04,2.7236,0.29231154342999166,0.011568714660440294,0
37,desktop,1,4,tech,campaign_15,1.2504,0.9720701771308857,0.4865132494033523,0
21,mobile,20,4,fashion,campaign_13,2.8459,0.7081844867591174,0.15340233736867448,1
54,mobile,23,0,fashion,campaign_25,2.666,0.6105220042138247,0.598861703728065,0
55,mobile,0,3,food,campaign_11,1.8121,0.30762848542413035,0.798169969707828,1
57,mobile,1,6,tech,campaign_09,0.3381,0.29912514416652225,0.03304230235068728,0
56,tablet,13,4,food,campaign_02,0.5663,0.039523618690230466,0.16377272659174524,0
24,tablet,1,0,fashion,campaign_25,0.3229,0.7284818669019314,0.34261038116190246,0
52,desktop,17,2,fashion,campaign_22,0.4132,0.043175225056884536,0.25579896585567397,0
57,mobile,22,3,fashion,campaign_01,2.9332,0.004857337777279036,0.3832198898062551,0
28,desktop,6,5,fashion,campaign_13,0.7153,0.7294950878609792,0.9518682998174518,1
42,tablet,7,3,food,campaign_14,2.1035,0.9488737571491254,0.10120612744024049,0
65,mobile,20,5,food,campaign_14,1.9459,0.7565030477273105,0.4232821086657721,1
39,desktop,8,5,tech,campaign_27,1.9303,0.4716401906243787,0.45709137160758284,0
57,desktop,5,1,fashion,campaign_04,0.6994,0.486045249560873,0.2803420518291627,0
45,mobile,2,1,tech,campaign_09,1.7801,0.43613642264910535,0.2785065576875697,1
52,desktop,20,6,food,campaign_05,1.9141,0.32464366711033366,0.7147521617493207,0
50,desktop,22,4,fashion,campaign_07,1.7542,0.5217142141858402,0.6178438426509827,0
51,desktop,1,5,tech,campaign_27,0.6399,0.43115095714111507,0.8128320197331531,1
58,tablet,19,6,fashion,campaign_28,2.1969,0.5981678800407747,0.4050732224780522,0
65,desktop,3,2,fashion,campaign_01,0.3124,0.8981200805010945,0.606711026979673,0
33,mobile,3,0,tech,campaign_18,1.8145,0.9950094173238103,0.8935881406825845,1
66,mobile,9,6,tech,campaign_06,1.3652,0.07874328988291712,0.8513284717163855,0
50,desktop,10,4,food,campaign_05,0.8258,0.3846834726613414,0.9200233924999589,1
48,tablet,20,0,food,campaign_08,2.4414,0.18070619576680946,0.2689750225282249,0
35,mobile,16,3,food,campaign_05,0.6101,0.3521204739255337,0.9854211845321202,1
39,mobile,3,0,food,campaign_14,2.8056,0.287473018548423,0.8163899154714166,0
51,tablet,14,2,food,campaign_29,2.6652,0.1745371316267883,0.7948078060413033,0
36,desktop,21,2,food,campaign_17,1.1457,0.7640760534212905,0.6675786009586593,1
32,mobile,15,3,tech,campaign_21,0.9849,0.49628874282923585,0.9832679733720654,1
60,mobile,5,3,food,campaign_14,0.4987,0.9192455822172257,0.4415632280464804,1
39,desktop,3,5,tech,campaign_00,2.7574,0.03259244324701449,0.7415393047624107,0
51,desktop,10,2,food,campaign_02,1.9198,0.06697801313198992,0.6988112879885214,0
19,desktop,11,5,food,campaign_08,0.1922,0.4032735829303441,0.7320889064470656,1
22,mobile,8,6,fashion,campaign_07,1.5819,0.08027732040403712,0.7514648141692567,0
62,desktop,2,5,fashion,campaign_25,0.3488,0.2627295964148335,0.19075589112121338,0
25,tablet,2,1,fashion,campaign_25,1.7639,0.9860297430766236,0.3490514697024023,0
59,mobile,12,4,fashion,campaign_25,1.576,0.20895960748461406,0.3922539958259049,0
64,desktop,22,1,fashion,campaign_19,0.3403,0.1981177414120907,0.7479998139799621,0
43,mobile,14,3,fashion,campaign_16,2.466,0.5736406687957091,0.7162479757193043,1
63,desktop,10,4,fashion,campaign_19,0.8607,0.4979982907931567,0.8333662052357192,0
40,mobile,22,2,tech,campaign_12,1.6703,0.5804382972028448,0.7885191578903361,0
67,mobile,16,0,food,campaign_20,1.9532,0.3767352782085467,0.5960338793894108,0
30,tablet,17,5,food,campaign_23,2.8907,0.8267623598949471,0.1399484864874425,1
40,mobile,13,5,fashion,campaign_22,1.5321,0.13858055144246284,0.6354552592323651,0
38,tablet,18,0,tech,campaign_18,2.7602,0.42839264584146564,0.8870592836374791,0
58,desktop,12,2,fashion,campaign_01,1.1291,0.6897618484440871,0.6431743633897312,0
20,desktop,14,1,tech,campaign_21,2.5866,0.8682364402828997,0.8956264285777417,1
61,desktop,14,6,fashion,campaign_10,0.7839,0.3695716063567577,0.9990530181368994,1
19,desktop,18,6,fashion,campaign_22,2.1517,0.5677455990937528,0.35920223302353294,0
34,desktop,21,4,fashion,campaign_16,0.357,0.0691399450072615,0.723289694347851,0
48,tablet,7,3,food,campaign_26,2.9595,0.17031908811182894,0.5399586326005054,0
25,tablet,16,0,fashion,campaign_10,2.8664,0.06913816246611448,0.45497180070816556,0
43,mobile,0,1,tech,campaign_27,1.3824,0.7278808919985219,0.23986707869246116,0
69,tablet,12,0,fashion,campaign_25,1.6194,0.2880599687221407,0.24591459599593102,0
60,mobile,21,5,tech,campaign_09,1.8335,0.7237452901918378,0.18497228675997102,0
19,tablet,15,0,food,campaign_14,0.8976,0.06639827904327456,0.6314835064989415,0
48,mobile,6,4,tech,campaign_15,2.056,0.8625478004083255,0.14205309664310306,1
49,mobile,14,6,food,campaign_23,2.1258,0.8355301981110916,0.43138646981705076,0
21,tablet,8,2,food,campaign_20,1.6227,0.08892874305028264,0.5233332392721941,1
51,tablet,10,4,fashion,campaign_25,0.5284,0.02375650645718652,0.4382344771889698,0
45,mobile,5,6,food,campaign_11,2.7656,0.056288812981991176,0.8549295134739165,0
53,desktop,14,2,tech,campaign_15,0.4336,0.853630173146734,0.4431693597938603,1
33,desktop,4,3,tech,campaign_12,1.9246,0.23470348905189575,0.0828320929643026,0
31,desktop,10,1,tech,campaign_27,0.399,0.5482733178581887,0.9921995411726473,0
56,desktop,22,2,tech,campaign_09,0.5237,0.42624420318005674,0.8449835910602127,1
55,tablet,18,6,food,campaign_17,0.1596,0.7955255262286021,0.6600434854059998,1
26,tablet,9,4,tech,campaign_03,1.1538,0.4888983014706706,0.7563236208086075,0
29,desktop,23,1,fashion,campaign_25,1.9548,0.5006608406612697,0.1281906997548441,1
48,tablet,0,3,food,campaign_11,1.6125,0.9890919394999024,0.7659147941031748,1
61,tablet,23,4,fashion,campaign_10,2.0562,0.1501295567492571,0.20774894171209513,0
28,mobile,8,0,food,campaign_17,2.0576,0.8307039387459314,0.48897612957397574,1
29,tablet,19,5,food,campaign_14,0.5065,0.05174974560388479,0.17798278932428357,0
60,tablet,22,1,fashion,campaign_25,0.2663,0.47764876957297075,0.7537849643321918,1
54,mobile,14,2,tech,campaign_15,1.9135,0.8863348239330235,0.2459338805124469,0
64,tablet,14,2,tech,campaign_15,1.9944,0.6652139656041213,0.25320841849169273,0
58,tablet,17,3,tech,campaign_03,1.7144,0.6852146193661329,0.10922234934029906,1
67,desktop,5,6,tech,campaign_00,0.8127,0.26331728225648554,0.7206064569638717,1
27,desktop,4,1,food,campaign_11,2.4512,0.41857479136145426,0.29584463078087786,1
32,desktop,8,1,food,campaign_29,0.3195,0.3665810634990505,0.5182800132019674,1
30,tablet,11,2,tech,campaign_27,1.9337,0.5214432101579942,0.33224355736703926,1
20,tablet,17,6,tech,campaign_18,0.4492,0.46222793014366814,0.7747012588222333,0
58,tablet,6,6,tech,campaign_18,1.9979,0.32689835187698935,0.22648365649400126,0
52,desktop,13,3,food,campaign_11,1.3114,0.3054806123711701,0.9408345000463917,1
22,mobile,0,4,food,campaign_05,2.1825,0.25085289165512215,0.32133997488970767,0
28,tablet,0,6,tech,campaign_00,0.2514,0.3650472468847584,0.10385162129075065,0
27,mobile,23,5,fashion,campaign_10,1.7097,0.14994147793406065,0.24030523281493243,0
38,mobile,20,4,tech,campaign_09,0.5201,0.8721043020035738,0.0739409290671752,1
41,mobile,20,3,food,campaign_05,2.0789,0.6021193918334273,0.4687387309924248,1
33,tablet,7,6,fashion,campaign_07,0.4479,0.13378642559385545,0.25025122072346895,1
66,desktop,12,1,tech,campaign_00,0.3134,0.6938593342090014,0.8860460444448763,0
29,mobile,16,2,tech,campaign_18,2.1681,0.8476664679979732,0.5171286202201464,1
47,mobile,6,4,tech,campaign_27,0.2842,0.2375356720522589,0.2333684487292863,0
40,desktop,17,0,food,campaign_20,0.7511,0.15060059433726392,0.4512703299049414,0
38,tablet,16,3,fashion,campaign_13,2.4917,0.008617257133752054,0.1959942721404243,0
60,tablet,9,5,tech,campaign_12,2.4481,0.04725033885648511,0.17872937592491844,0
68,desktop,10,1,tech,campaign_09,2.577,0.7622513483035116,0.300656470133444,0
18,desktop,7,5,fashion,campaign_04,1.0457,0.9871863320416938,0.10830146476894675,1
42,tablet,19,2,food,campaign_17,1.6313,0.0448803224762766,0.18864753691089065,0
24,tablet,23,6,fashion,campaign_16,2.3427,0.7480709590798926,0.9380468729954219,0
40,mobile,23,4,tech,campaign_00,0.4973,0.07186216584096006,0.6668026346974619,0
50,tablet,18,1,tech,campaign_12,2.2007,0.5921328249036668,0.9211026634572657,0
39,desktop,8,5,food,campaign_08,0.3827,0.7560752824282378,0.25684694146778375,0
34,tablet,18,0,food,campaign_05,2.7484,0.3592043972677377,0.8570133358009238,0
34,mobile,5,1,tech,campaign_21,1.9482,0.010934721110663737,0.3622728068539839,1
33,mobile,21,6,tech,campaign_15,1.5306,0.5951893521254259,0.14419498112248563,1
34,tablet,6,6,fashion,campaign_19,1.5057,0.9912446281400278,0.8047071000041969,1
37,tablet,9,0,tech,campaign_21,0.6259,0.25761742283849576,0.059650131862750144,0
53,mobile,2,2,food,campaign_29,1.1032,0.1894912771872158,0.40485283893496626,0
22,tablet,1,0,tech,campaign_24,2.2087,0.12392589275351495,0.8193146685116435,0
20,mobile,9,1,tech,campaign_18,1.6687,0.5552556199000561,0.6171849254465093,1
44,tablet,13,6,food,campaign_26,1.635,0.5964450993602733,0.5180656953996932,0
53,mobile,0,1,food,campaign_14,0.6662,0.7922708371704024,0.35363392150358075,1
31,mobile,20,4,food,campaign_29,2.1021,0.7530732736205097,0.07505583038802022,0
28,tablet,2,5,fashion,campaign_22,1.2369,0.8925414947950872,0.9909719860358988,0
50,tablet,23,6,fashion,campaign_19,0.63,0.8057726983423014,0.17477372672504843,1
37,mobile,6,2,tech,campaign_27,2.837,0.24726708307944445,0.2553084749760438,1
56,mobile,9,4,tech,campaign_15,1.5697,0.5558774048757611,0.23591576249461776,0
25,desktop,3,3,tech,campaign_21,1.6313,0.29741195909358,0.9079414066857031,0
24,mobile,19,0,food,campaign_08,2.946,0.32978537955150244,0.7636883927235304,0
46,tablet,17,1,fashion,campaign_28,1.1626,0.9319443692299963,0.4573297994393366,0
38,tablet,1,5,tech,campaign_18,2.8348,0.6818959050670735,0.9554230339518591,0
55,tablet,2,4,food,campaign_23,2.1153,0.9745904132511058,0.052783380786441736,1
44,mobile,14,3,fashion,campaign_13,1.936,0.4169125367187445,0.8936703812216521,0
36,mobile,20,5,food,campaign_26,0.7798,0.5374375733539766,0.06042733568815917,1
26,tablet,2,4,food,campaign_02,0.2501,0.4871154199164217,0.39113069593456373,0
26,mobile,5,2,tech,campaign_03,1.3696,0.10728705752372691,0.05400487837648971,0
57,desktop,13,2,tech,campaign_15,0.1295,0.23670199452660334,0.9989689917576853,0
29,desktop,2,6,tech,campaign_21,0.3059,0.5276363606044822,0.9143895025006017,1
44,tablet,7,6,tech,campaign_24,1.8264,0.06737430513300624,0.5847989552462312,0
60,mobile,0,0,fashion,campaign_13,2.201,0.9314619293088893,0.21784457399824553,1
64,tablet,11,5,fashion,campaign_19,0.5871,0.12384368194337081,0.27677772519746924,1
31,tablet,17,0,fashion,campaign_16,2.2243,0.1979807464169071,0.4495433660571203,0
23,mobile,9,6,fashion,campaign_28,2.8542,0.7653212239386366,0.32278018249234575,1
58,desktop,6,4,fashion,campaign_19,2.2552,0.09693454178931371,0.021313905434940716,1
53,mobile,10,4,tech,campaign_12,2.3757,0.9002780996154094,0.6562560081171346,1
35,desktop,12,4,food,campaign_29,2.1321,0.7257009707225356,0.6134279040933013,0
48,mobile,3,4,tech,campaign_03,0.7517,0.0686208571088589,0.9043107032188408,0
27,mobile,2,1,food,campaign_29,1.1466,0.6918470612856529,0.4768540401054504,1
54,desktop,4,5,fashion,campaign_04,2.8529,0.6316285421713178,0.34470896179838784,0
55,desktop,23,3,food,campaign_08,2.0175,0.7573494327399186,0.5115171829177669,1
33,mobile,17,3,tech,campaign_24,2.3882,0.8281978524893359,0.19469499089583964,1
42,mobile,3,2,fashion,campaign_22,2.9092,0.718350563173155,0.6255403518247864,1
35,mobile,7,0,food,campaign_29,0.7712,0.5861762952709719,0.7700328827901616,1
19,tablet,9,3,fashion,campaign_22,1.0329,0.3224633185817777,0.15346171337569214,1
24,desktop,4,2,fashion,campaign_19,1.9699,0.6972736618299291,0.3183832176353292,0
67,mobile,20,4,fashion,campaign_10,0.1706,0.9569715846307795,0.8678009793663987,0
41,mobile,22,2,tech,campaign_00,1.7565,0.5875217805288743,0.5055317486338219,0
25,tablet,5,6,tech,campaign_03,2.4452,0.6643448684342539,0.5318366466775467,1
20,mobile,0,4,food,campaign_08,1.8703,0.4371280421998007,0.7224081970533516,0
36,tablet,6,3,fashion,campaign_01,0.9566,0.7561208097430744,0.5778928152213265,1
69,desktop,13,4,tech,campaign_15,2.1999,0.9976673923386359,0.06957976807381916,0
38,mobile,19,4,food,campaign_23,0.5235,0.1603893240677361,0.8039617118630358,0
69,mobile,8,4,fashion,campaign_28,2.6948,0.2024052795037623,0.9228360372484677,0
43,mobile,6,4,food,campaign_14,0.3927,0.5394377586643895,0.05327723299081222,0
57,tablet,5,6,food,campaign_26,2.6041,0.48137539726165823,0.12124975645755098,0
58,desktop,0,2,food,campaign_29,1.5436,0.5715697845067188,0.7019752022074804,0
19,desktop,0,3,fashion,campaign_25,1.3431,0.04907404772427304,0.6044739325145255,0
18,mobile,10,1,fashion,campaign_13,1.5519,0.40427645633044895,0.38251699897174585,1
65,tablet,14,3,tech,campaign_09,0.6806,0.5829782620655608,0.5392486489403714,0
66,mobile,0,6,food,campaign_29,1.4273,0.5851913513049627,0.7033385680010588,1
24,desktop,4,4,fashion,campaign_07,2.5642,0.6573339617683736,0.5044764618809293,1
51,tablet,21,1,tech,campaign_12,2.4228,0.7202160290026638,0.14018832463564923,1
66,tablet,23,6,food,campaign_02,0.5728,0.6415472033408566,0.08943602913329018,0
67,desktop,15,5,food,campaign_23,2.0529,0.790243155389435,0.4388587351883817,0
33,tablet,12,3,fashion,campaign_19,2.5848,0.6247606346845916,0.9228847578488337,1
60,mobile,13,1,food,campaign_02,2.4773,0.5375076625372045,0.5577791747084938,0
51,tablet,8,2,tech,campaign_06,1.3343,0.6061964288878109,0.3582200690178491,0
66,desktop,4,5,fashion,campaign_16,0.2395,0.10119336675333235,0.9087061695210354,0
25,desktop,9,4,fashion,campaign_16,2.8004,0.27315654072552,0.3886321561789381,0
49,mobile,16,1,tech,campaign_24,1.2481,0.5273997806581312,0.5091464809343752,0
19,tablet,15,1,fashion,campaign_07,1.1468,0.8729872154017071,0.1164993306287212,0
36,tablet,16,6,tech,campaign_27,2.3026,0.6790515562879931,0.7374009455193812,1
18,tablet,14,3,fashion,campaign_13,0.8655,0.09040807847189758,0.7003029571437156,0
41,mobile,1,4,tech,campaign_24,2.5208,0.5922749504444044,0.794243992859329,0
60,desktop,15,2,fashion,campaign_07,0.3205,0.22173798763709895,0.3251913134277634,0
52,tablet,21,0,fashion,campaign_01,2.2481,0.7340165597887229,0.4360532190661919,1
34,desktop,15,2,fashion,campaign_01,2.9008,0.8274408525087472,0.16834171152719835,0
40,tablet,13,4,food,campaign_11,2.9877,0.5934562725899734,0.9645048760964994,0
37,tablet,5,2,fashion,campaign_28,2.779,0.5913626097517097,0.08607734740788264,0
56,mobile,19,4,fashion,campaign_01,2.6252,0.338591443210814,0.6490133036748073,1
31,desktop,10,3,food,campaign_11,0.9088,0.4462500211613094,0.7052573945651862,0
22,mobile,6,2,tech,campaign_03,2.9033,0.8641083538153455,0.15773647365097965,1
44,desktop,11,1,tech,campaign_27,2.7909,0.7233203309671565,0.36532320583048983,0
61,desktop,2,1,food,campaign_20,1.6497,0.5197536596958431,0.043126566762483276,0
42,tablet,22,1,fashion,campaign_22,1.266,0.36823238624837096,0.556608257586641,0
28,tablet,16,5,tech,campaign_21,0.4169,0.050379738288554354,0.9949381428236241,0
20,desktop,7,2,fashion,campaign_19,1.8128,0.14300740132638512,0.4298849568221589,0
67,desktop,19,5,food,campaign_23,2.1316,0.19302518953937065,0.9900082203729365,0
57,desktop,1,2,tech,campaign_00,1.2716,0.37338354325867473,0.1262254238089625,0
26,desktop,9,2,fashion,campaign_25,1.2775,0.9441436470762746,0.3924543432677957,1
21,desktop,15,6,fashion,campaign_22,1.7626,0.5051533948587487,0.9019649700484719,1
24,tablet,0,6,fashion,campaign_22,0.1806,0.23484016325923107,0.8766954816574721,0
37,tablet,17,2,food,campaign_11,2.8778,0.10575013746151407,0.3235915778697842,0
60,tablet,19,1,tech,campaign_24,0.9407,0.33830552460296404,0.6786105837683316,0
26,mobile,14,5,food,campaign_11,0.5086,0.8157306355510568,0.8861601715577907,1
60,desktop,4,0,fashion,campaign_01,0.1159,0.3833427934105079,0.7668774661532277,0
18,desktop,17,3,tech,campaign_27,2.585,0.7725058060224135,0.6284761969329175,1
56,desktop,8,4,fashion,campaign_07,2.6033,0.8027049761268789,0.15257561456002255,1
32,desktop,17,4,tech,campaign_03,0.3764,0.11082076969870414,0.07300269257056347,0
67,tablet,15,0,tech,campaign_18,0.5415,0.6086597526267837,0.614622179816561,0
42,desktop,2,0,fashion,campaign_07,1.3989,0.9590960633711108,0.5002756656891081,0
32,mobile,2,1,fashion,campaign_25,0.6385,0.4021380749035539,0.23803665973148436,1
30,desktop,0,0,fashion,campaign_13,2.2339,0.050944089003022275,0.29276979495902467,1
60,tablet,1,3,tech,campaign_00,0.2683,0.9233026902578786,0.39208717720141006,1
38,mobile,7,6,fashion,campaign_28,1.6942,0.883666281572483,0.49552085212250563,1
36,mobile,0,2,tech,campaign_15,1.2101,0.5221414472090018,0.3902589690884125,1
56,tablet,22,3,fashion,campaign_07,1.4483,0.5522531203440096,0.3872916720859666,1
45,mobile,21,1,food,campaign_20,1.3318,0.2117411027761249,0.11573281131135293,0
52,desktop,4,0,tech,campaign_15,0.5442,0.8194507555446373,0.8655904182553432,0
41,tablet,7,4,tech,campaign_00,0.7388,0.4986000383921264,0.6091540817780943,1
21,mobile,17,1,fashion,campaign_22,0.2879,0.03387779514255651,0.14610218460201185,0
18,desktop,15,3,tech,campaign_12,0.4343,0.6830149564489978,0.42387440287793576,1
20,mobile,13,4,food,campaign_20,2.9359,0.9504962698027061,0.4167159120295455,1
47,mobile,23,5,food,campaign_26,0.9114,0.8291504903457503,0.6006208784891227,0
44,mobile,15,1,tech,campaign_18,0.9904,0.2771981402105398,0.6088696178493316,0
56,mobile,16,4,food,campaign_20,0.4686,0.05332508493334065,0.6452221369797624,0
64,desktop,12,6,fashion,campaign_07,2.29,0.9403514125381806,0.6979030573438074,1
27,desktop,12,3,fashion,campaign_07,2.78,0.9370627248797014,0.10335404612901644,1
67,mobile,6,0,tech,campaign_12,2.3903,0.5324153197128694,0.30492220057281205,0
66,tablet,12,1,fashion,campaign_25,1.8766,0.6423174116715351,0.017347819172672363,1
50,tablet,22,5,tech,campaign_15,2.4584,0.4626000607108083,0.45464151208038295,1
45,mobile,9,5,fashion,campaign_10,1.2723,0.41976536709875867,0.4294300778302873,1
27,tablet,3,2,food,campaign_23,2.5925,0.11944843592870036,0.7343269301794787,0
27,mobile,14,1,fashion,campaign_25,2.4157,0.09675289836109602,0.16711694660786114,0
18,desktop,18,2,tech,campaign_27,0.105,0.23273214667618747,0.6314944571255109,0
51,desktop,23,1,food,campaign_08,1.5146,0.8366407464065443,0.3066941979301522,1
40,desktop,13,5,tech,campaign_21,0.8674,0.14583230073568,0.38191647480969915,0
27,tablet,18,5,food,campaign_17,0.3501,0.22669865191471072,0.7192868623714541,0
24,tablet,6,0,fashion,campaign_13,2.554,0.5486140593222075,0.07154804857357533,0
21,mobile,10,5,food,campaign_11,0.1231,0.2151312180782744,0.3427828889311625,0
51,desktop,10,5,tech,campaign_03,2.2175,0.1632066847177871,0.39132323013965187,0
53,tablet,7,4,food,campaign_08,2.9658,0.5633162416979622,0.7157493118516688,0
50,tablet,17,6,fashion,campaign_16,1.4979,0.3680932709966155,0.19922441507070066,0
23,tablet,21,0,food,campaign_26,1.1766,0.6261592858404692,0.9474129936904631,1
20,desktop,7,4,fashion,campaign_25,1.8569,0.9122053404086763,0.9977619527941581,0
23,mobile,3,0,food,campaign_05,2.4336,0.15099313143506765,0.8189101408200553,0
57,desktop,19,6,food,campaign_20,0.7967,0.9134336598130639,0.2997125014635281,1
56,tablet,20,3,food,campaign_02,0.827,0.9024899674229186,0.6638666540728546,1
33,tablet,22,0,food,campaign_20,1.8608,0.8290875833359028,0.08314803169793306,0
20,tablet,6,5,fashion,campaign_10,2.8257,0.6312859173060852,0.8712793157065106,0
34,tablet,17,5,fashion,campaign_13,0.9655,0.6201466574655474,0.5159928712602737,0
60,desktop,17,3,tech,campaign_21,1.1926,0.6392126599365016,0.17643916631978573,0
25,mobile,18,2,tech,campaign_12,2.9807,0.6904955512178131,0.32741655956170257,0
59,desktop,19,0,tech,campaign_24,0.611,0.016482200596157015,0.8007427444879748,0
42,desktop,22,6,fashion,campaign_16,0.3232,0.9580925791606497,0.8702267674270464,0
25,tablet,11,1,food,campaign_29,1.8103,0.5856037614655798,0.5197133869344235,0
66,desktop,1,5,fashion,campaign_19,0.1704,0.7814658394024216,0.48031150031067316,0
44,tablet,4,4,food,campaign_08,0.6233,0.37728183906136314,0.7507347465532593,1
52,mobile,21,4,food,campaign_23,1.9044,0.012397213915795957,0.8261896225185549,1
23,tablet,20,4,tech,campaign_12,2.0126,0.509734659876444,0.7648468123958205,1
37,desktop,0,6,fashion,campaign_16,1.5802,0.5071901193159289,0.3844280502342077,1
50,tablet,8,0,fashion,campaign_04,1.2129,0.4369892883114518,0.6419257616093194,1
51,desktop,5,6,tech,campaign_03,1.771,0.33971705416207676,0.8573599082709277,0
21,desktop,7,0,food,campaign_17,1.9658,0.24982608780972204,0.15176063404741957,1
49,mobile,15,6,food,campaign_05,2.4301,0.5275448744971828,0.38813668511496313,0
67,tablet,12,1,food,campaign_29,2.399,0.3752781396934941,0.0566188838752647,0
58,tablet,11,5,fashion,campaign_25,2.0279,0.9699318830498087,0.4088772856873999,1
28,tablet,10,0,tech,campaign_21,2.6933,0.17292730776693144,0.7722820839186489,0
65,mobile,15,3,fashion,campaign_22,2.5303,0.319665567627087,0.19702844342558745,0
53,mobile,16,3,food,campaign_17,0.4864,0.293960470924571,0.5418871511243837,0
20,tablet,1,6,fashion,campaign_01,2.8744,0.543309176235957,0.03658573342182714,0
24,mobile,3,0,food,campaign_11,2.6861,0.4992802569741479,0.8976499907316582,0
65,desktop,8,0,food,campaign_14,1.0307,0.6437404654242731,0.8200046949004514,0
28,desktop,10,4,tech,campaign_27,0.1585,0.9500017705742079,0.5244091917870659,0
23,tablet,23,0,tech,campaign_06,1.8515,0.2852210854938674,0.7057869959719498,0
41,tablet,21,5,food,campaign_14,1.3714,0.6927715692549965,0.1039161648688589,1
45,tablet,15,0,fashion,campaign_10,2.2737,0.025040203005183614,0.8452094963973705,0
47,mobile,0,6,fashion,campaign_04,1.6213,0.26238847273362453,0.7152615310717714,1
52,desktop,2,3,tech,campaign_03,0.3218,0.4637197279965928,0.1199673967250805,0
69,tablet,10,6,fashion,campaign_10,0.8096,0.03099478848113446,0.9806892851187775,0
57,tablet,14,0,food,campaign_02,2.6593,0.6176694605536389,0.022530444206446676,0
19,mobile,15,1,food,campaign_02,0.2093,0.6783106084017082,0.6285108625927736,0
22,tablet,3,3,fashion,campaign_10,2.2363,0.7467317148380467,0.17175499674081673,1
18,desktop,21,0,tech,campaign_06,0.9466,0.5165745048430123,0.7192576492195367,1
38,mobile,11,0,fashion,campaign_16,1.4127,0.6039446649786266,0.07040625396877898,1
36,desktop,14,2,tech,campaign_00,1.6399,0.39606525127848724,0.08110088284311612,0
66,tablet,0,5,tech,campaign_09,0.8252,0.04125303250656254,0.4662917405631323,0
37,mobile,19,4,fashion,campaign_13,1.9907,0.09995185577451304,0.9940094654019129,0
19,mobile,13,0,fashion,campaign_28,2.111,0.6549959242014641,0.2765162397706512,1
63,tablet,5,0,fashion,campaign_19,0.3467,0.9955552995857763,0.6125281607565226,0
31,tablet,7,4,food,campaign_26,1.1844,0.01580323916329618,0.5185990743742355,1
65,mobile,8,2,fashion,campaign_10,2.2587,0.5575834968263828,0.8421196096504375,0
58,tablet,0,5,fashion,campaign_13,2.1927,0.7510087528825579,0.2885896077051602,0
63,tablet,22,2,tech,campaign_12,1.6793,0.8267748280138787,0.5549443807114862,0
60,tablet,19,2,food,campaign_26,2.3553,0.5452049012226401,0.9506235151051808,0
25,mobile,21,1,fashion,campaign_28,0.4122,0.6199159801841051,0.33258580833605755,0
50,desktop,8,1,fashion,campaign_28,0.4428,0.6967249452745534,0.43940558131018104,1
39,tablet,13,4,fashion,campaign_22,2.0067,0.8589662496934306,0.8888133145036714,0
50,tablet,10,3,tech,campaign_15,2.1107,0.12228953720281865,0.3324988572344578,0
56,desktop,11,4,fashion,campaign_16,2.4621,0.9261821962748634,0.3806737646338155,0
44,mobile,14,0,food,campaign_29,0.625,0.026017403551570006,0.30411880887769827,0
34,mobile,10,3,food,campaign_08,1.5986,0.8361997509577753,0.8095313753250729,1
65,mobile,18,3,fashion,campaign_10,2.0164,0.07674042655969726,0.9303869704377798,0
52,mobile,1,6,food,campaign_26,0.7487,0.19462821160492227,0.6310988806669057,0
64,mobile,4,2,food,campaign_11,1.5991,0.0038941463811326127,0.6236301312596525,0
30,mobile,21,0,fashion,campaign_07,1.9515,0.4452567055360407,0.3900036197131751,0
61,tablet,21,4,fashion,campaign_16,0.7219,0.33435922671739227,0.012483749571496672,0
34,desktop,19,1,tech,campaign_09,1.1891,0.16599291148702733,0.1739375988235733,0
41,desktop,8,6,food,campaign_26,0.7274,0.4510901608039063,0.14743835459023447,0
62,tablet,10,2,tech,campaign_27,2.7185,0.40237088317218384,0.11588200281303673,0
36,desktop,0,5,tech,campaign_09,0.7867,0.7676610326987415,0.6540473160533953,1
31,desktop,6,4,tech,campaign_15,0.4504,0.8931303060700324,0.13634895237379763,0
65,mobile,17,3,food,campaign_29,0.202,0.6525672517670819,0.08563395253671924,1
68,desktop,8,4,fashion,campaign_22,0.2304,0.12441038872652388,0.3825815065618582,1
34,mobile,11,1,tech,campaign_06,0.6556,0.29539079470985063,0.24902266296789854,0
33,desktop,2,0,food,campaign_17,1.8638,0.9133182968322798,0.14586054563588224,0
29,tablet,11,5,tech,campaign_18,0.1512,0.08873449300788916,0.146127875558568,0
19,desktop,17,6,fashion,campaign_19,0.9316,0.4068558393908265,0.2562057067827658,0
46,mobile,13,6,tech,campaign_00,0.2687,0.9425046192334813,0.5368497633760414,1
31,tablet,13,2,food,campaign_08,1.2706,0.9506648414694857,0.7580956000912513,0
62,tablet,21,2,fashion,campaign_25,0.2409,0.4112031770488924,0.8527766432521394,0
26,desktop,5,2,fashion,campaign_07,1.8619,0.6673968880987974,0.7514178497388502,1
51,mobile,7,4,food,campaign_08,2.0964,0.45674559835399897,0.6282132597041707,0
44,tablet,14,4,tech,campaign_09,2.2209,0.7534605394363417,0.9076245775194832,1
49,mobile,11,5,food,campaign_05,0.7506,0.03158133069299851,0.5197368027342506,1
23,tablet,23,6,fashion,campaign_04,2.6187,0.14415714892135845,0.6333568408536914,1
42,mobile,1,2,fashion,campaign_10,2.1018,0.6141988035435992,0.4116205503318684,0
50,desktop,2,4,food,campaign_26,0.2643,0.2325522624430636,0.32738420088074605,0
35,tablet,8,3,tech,campaign_00,1.3782,0.6660522992691486,0.3317117794612534,1
63,mobile,11,6,food,campaign_08,2.3265,0.35122292746129835,0.14831728171229275,1
45,mobile,21,2,fashion,campaign_01,1.0016,0.8866455581278214,0.7965976506738514,1
36,mobile,11,1,fashion,campaign_16,1.2065,0.8192593855599865,0.05536808433354379,1
19,desktop,10,2,fashion,campaign_07,1.9259,0.4928378000687822,0.67468524376452,0
26,desktop,4,4,food,campaign_23,0.2609,0.7728950870948578,0.8644601928370358,0
42,mobile,10,6,food,campaign_17,2.9041,0.2711378862350904,0.4974283469853672,1
38,desktop,12,5,food,campaign_23,0.606,0.4942597768118626,0.07020078184155021,0
63,tablet,14,0,fashion,campaign_19,0.1773,0.19748205186327816,0.4284174616368909,0
58,tablet,14,3,fashion,campaign_13,0.1154,0.8608861685209939,0.34322660288234985,1
26,mobile,10,1,fashion,campaign_25,1.2587,0.8230676165684149,0.9855393192994307,1
48,desktop,3,2,food,campaign_14,2.6643,0.9021496684090012,0.6912652016189443,0
41,mobile,3,6,fashion,campaign_28,2.4773,0.8774769812242594,0.7213598048289199,0
23,desktop,3,6,food,campaign_29,2.7449,0.9595962620594948,0.515826918962231,1
52,tablet,14,1,food,campaign_17,1.648,0.22833623163192596,0.7094142544420965,1
45,tablet,20,0,food,campaign_20,1.4014,0.9318242907953155,0.7225709767221682,0
22,mobile,21,4,fashion,campaign_07,1.219,0.5712131913519977,0.06635888074610485,1
42,mobile,7,2,tech,campaign_24,0.2346,0.42249508391815216,0.22260652447727036,0
56,tablet,1,3,food,campaign_20,2.7376,0.560373895967873,0.012967555428886057,1
35,tablet,15,6,tech,campaign_27,1.5389,0.34260235665027783,0.5098074059285719,0
36,mobile,0,6,food,campaign_08,1.4197,0.2885530069609521,0.8757998548360265,0
23,mobile,15,6,food,campaign_23,1.594,0.24131433797752877,0.6095545346953284,0
28,desktop,9,5,food,campaign_14,2.403,0.08242798945712682,0.5002075278077094,0
69,desktop,20,6,food,campaign_05,0.751,0.49656489714718743,0.9259658476106399,0
50,desktop,15,5,food,campaign_05,2.1587,0.8877616757138874,0.1722185110217539,1
27,tablet,17,6,fashion,campaign_16,2.1612,0.6301519692743847,0.0746043081576857,1
43,tablet,9,3,tech,campaign_09,2.5637,0.5209756327557735,0.9173057364097177,0
28,tablet,20,0,tech,campaign_03,0.1252,0.4285929182509165,0.9027817549188133,0
41,mobile,12,5,tech,campaign_12,0.5941,0.46440162631719195,0.6829724862129495,1
25,tablet,15,6,fashion,campaign_19,1.466,0.20927734757195093,0.24597916209605197,0
50,tablet,8,2,tech,campaign_09,2.5666,0.8229358771930972,0.9697640247043707,0
47,desktop,10,2,fashion,campaign_28,2.8988,0.19838296328152805,0.7653463518038267,1
50,desktop,20,4,food,campaign_23,1.8251,0.716622756727313,0.6738945835846691,1
41,tablet,9,4,tech,campaign_15,0.7152,0.7599850114961526,0.22291132401544778,1
32,tablet,0,4,fashion,campaign_28,0.6353,0.5748690420277343,0.5130891716331156,0
30,desktop,9,2,tech,campaign_12,1.9544,0.8629263749548285,0.8225762412969998,0
29,mobile,9,5,fashion,campaign_04,0.7092,0.29105035245065003,0.860260224732286,0
40,desktop,10,5,fashion,campaign_01,1.704,0.8816172212428632,0.561430115801268,0
41,tablet,1,6,fashion,campaign_28,2.521,0.7294104595993042,0.5227938437192642,0
53,mobile,3,4,fashion,campaign_28,1.2305,0.7987498277617607,0.6976838283076405,0
20,tablet,7,0,fashion,campaign_22,1.1976,0.6645797095273142,0.5282488443124729,1
32,mobile,10,5,tech,campaign_03,0.2048,0.8463430169899694,0.4176810380656609,0
62,tablet,0,0,food,campaign_08,0.8368,0.9930988627176359,0.08541901142438868,0
65,desktop,9,1,fashion,campaign_01,2.1248,0.42016285452463864,0.12604967571558012,0
66,mobile,7,1,fashion,campaign_01,1.1451,0.8139156837095703,0.7602754682006674,0
33,mobile,0,1,fashion,campaign_07,0.5591,0.7445797595180336,0.024664064624268067,0
25,mobile,6,5,food,campaign_17,0.4067,0.452870165712018,0.05230502579760865,0
28,tablet,6,3,fashion,campaign_01,0.3757,0.926948999732512,0.9046435780864176,1
24,desktop,3,1,food,campaign_29,2.0115,0.3944259295725947,0.7039971134546849,1
67,tablet,18,0,fashion,campaign_13,1.8766,0.5654659162762375,0.0042127219141461225,0
63,mobile,1,1,fashion,campaign_07,1.6037,0.10594235699096155,0.3120433743548727,0
60,tablet,13,4,tech,campaign_15,1.5509,0.22577519406626623,0.7633184605955448,0
55,tablet,15,5,food,campaign_23,0.5441,0.8406961705337607,0.41760079997725563,1
35,mobile,19,2,tech,campaign_09,1.5518,0.39655272282884735,0.46879782285811167,0
42,desktop,13,0,fashion,campaign_01,0.2738,0.3940840894152582,0.4587990610460554,1
61,tablet,13,3,fashion,campaign_01,2.785,0.24598101819062024,0.20213440325904064,0
60,mobile,18,5,fashion,campaign_25,0.2683,0.4916103342974544,0.7213914378982609,0
44,mobile,20,0,tech,campaign_03,1.3282,0.8058169613506224,0.10300633052136965,1
61,tablet,5,5,fashion,campaign_19,0.1017,0.8951641177737396,0.5072511055466711,0
36,desktop,19,1,food,campaign_11,2.3798,0.07011443204418388,0.16995582745936177,0
39,mobile,11,1,food,campaign_23,0.5819,0.5748207312401155,0.046532809577156,0
61,tablet,2,4,fashion,campaign_01,2.7823,0.46727336789233453,0.1432438844471683,0
37,tablet,14,0,food,campaign_26,0.2275,0.6142818504715784,0.8693349363117417,0
57,mobile,23,2,food,campaign_20,2.4803,0.44727568690826913,0.17614766478046118,0
41,mobile,3,0,fashion,campaign_13,2.0042,0.3986448208534151,0.2783692090123505,0
33,mobile,0,1,tech,campaign_06,0.8242,0.47188071242948937,0.13809478822040622,0
29,tablet,21,5,food,campaign_29,0.687,0.5819991287564141,0.7355451016577587,1
49,mobile,14,1,tech,campaign_09,1.1373,0.5009832110317768,0.4454491672565015,0
42,tablet,5,0,food,campaign_14,2.5024,0.47214445102064617,0.9436350386450709,0
37,desktop,19,1,food,campaign_11,2.5997,0.8178353099580807,0.6643245822479024,1
56,desktop,9,0,tech,campaign_06,0.6083,0.7456479912378577,0.5313892204867717,0
18,tablet,7,4,tech,campaign_12,1.125,0.3413784941811928,0.6566309316281679,0
22,tablet,6,6,fashion,campaign_04,0.7887,0.8005771175153205,0.040425383209664156,0
68,mobile,14,1,tech,campaign_00,0.4557,0.8536506690045002,0.9506602601286904,0
52,mobile,3,5,food,campaign_08,1.9747,0.1534922053741905,0.956429610417248,1
46,mobile,8,2,tech,campaign_03,1.103,0.5826824617307588,0.27613986855552963,1
18,tablet,7,0,tech,campaign_12,0.7536,0.2853119935992138,0.6282954827431336,0
49,desktop,1,4,fashion,campaign_25,2.6114,0.7391723219267226,0.2019152441398746,1
40,mobile,18,1,fashion,campaign_04,2.2701,0.23878532935868324,0.5474717946004589,0
49,mobile,0,3,tech,campaign_00,2.3439,0.6714035241730318,0.7707892391243933,1
20,desktop,23,3,tech,campaign_03,0.2137,0.2551246560576339,0.9398217248053922,0
46,tablet,2,4,tech,campaign_15,2.7539,0.5111437634299432,0.3392169232656719,1
48,desktop,8,0,food,campaign_08,1.7667,0.9486464679161921,0.6935052630427615,0
33,tablet,2,1,food,campaign_14,1.561,0.3813075384564345,0.7164271143471794,0
20,tablet,8,5,tech,campaign_00,0.1307,0.8757384859632077,0.22114880116474123,0
68,tablet,14,6,tech,campaign_09,2.7032,0.9869445812038946,0.6290321314933922,0
54,desktop,2,0,tech,campaign_12,1.6773,0.8748508488051633,0.6554212891877766,1
50,tablet,12,2,tech,campaign_12,2.4929,0.16586602972334286,0.7640761063460343,0
57,tablet,18,6,fashion,campaign_16,2.001,0.819658219535163,0.9999472574545336,0
52,desktop,10,2,food,campaign_23,2.4104,0.03214939510056125,0.04023236942648056,0
24,desktop,2,3,food,campaign_14,2.1095,0.39330188369930785,0.20230504367755808,0
41,tablet,16,6,fashion,campaign_25,2.7708,0.8707333733178638,0.14507843191974068,1
64,desktop,4,6,tech,campaign_15,0.7539,0.6887522127599198,0.15443405242070252,1
32,mobile,0,4,fashion,campaign_07,0.6861,0.5327404273378781,0.454248660621965,1
68,tablet,10,4,tech,campaign_06,2.1664,0.3878640250826205,0.8785365566129374,0
21,mobile,6,4,tech,campaign_09,1.554,0.812296946470286,0.44872326906775506,1
35,tablet,0,1,food,campaign_17,1.8376,0.7095584039482209,0.6684803978344133,0
36,desktop,18,6,fashion,campaign_07,2.1548,0.46840531961567333,0.3764991425302191,0
50,desktop,14,0,tech,campaign_27,1.6875,0.8924843372096598,0.31966331531111514,0
27,mobile,21,0,food,campaign_14,2.3843,0.2299480178186324,0.8342351848290422,0
29,desktop,11,4,fashion,campaign_25,1.0247,0.1703915091586249,0.6555475101184196,0
52,tablet,10,5,food,campaign_20,2.5911,0.6428037643335816,0.350895288082536,1
32,mobile,20,5,fashion,campaign_10,0.4123,0.9719943427017703,0.9141602612471649,1
63,tablet,1,4,tech,campaign_06,1.9386,0.2472565733067703,0.4985115651176447,0
63,tablet,8,2,fashion,campaign_22,2.6814,0.2496703789338265,0.1882747472992885,1
33,tablet,19,2,tech,campaign_09,0.8328,0.13949884796218992,0.4832218624676812,0
47,desktop,7,2,fashion,campaign_07,1.0478,0.8605635552736322,0.6746994379334758,1
35,mobile,21,1,tech,campaign_27,0.9858,0.2263975404113341,0.3671125892561623,0
35,tablet,6,2,food,campaign_14,1.7364,0.5031785267248878,0.8437847362753934,0
52,desktop,9,0,fashion,campaign_01,1.2973,0.9908724780022046,0.5331439806061009,0
33,desktop,21,2,food,campaign_14,0.4131,0.012140900922043563,0.4677647799344663,0
25,tablet,5,6,fashion,campaign_13,2.6847,0.5564860905107941,0.8587114232637186,0
31,tablet,23,4,fashion,campaign_25,0.6936,0.5122890427049458,0.462917806466153,1
66,mobile,1,0,tech,campaign_21,1.6488,0.8074473764101547,0.4144101418508165,0
31,tablet,6,2,food,campaign_05,1.8249,0.35528153955277697,0.10371639533349597,0
36,desktop,14,1,fashion,campaign_04,0.2182,0.41034135889904155,0.3624918788569652,0
50,tablet,14,1,tech,campaign_18,0.3776,0.16793798059886367,0.3970483005630817,0
23,desktop,21,4,fashion,campaign_01,2.9179,0.7408152316357867,0.1806223192244898,1
31,tablet,23,6,tech,campaign_09,2.0271,0.7847089091881483,0.5878232017131677,1
27,tablet,16,4,fashion,campaign_04,0.1973,0.13666332077883026,0.1438420705503477,0
66,tablet,15,3,tech,campaign_00,2.4032,0.39345707398832175,0.223689788603891,1
66,tablet,7,1,tech,campaign_27,1.5748,0.892904995362683,0.5610919857251406,0
57,desktop,19,1,food,campaign_02,0.3181,0.0027072736757871585,0.26898356472473706,0
30,mobile,15,5,tech,campaign_00,2.0742,0.2987590706226323,0.6396683101283533,0
50,desktop,0,4,tech,campaign_27,1.5481,0.5550422850525477,0.6905131329207045,0
52,desktop,19,3,food,campaign_05,0.6943,0.3340938596599533,0.3012904106066503,0
63,tablet,8,4,tech,campaign_24,2.6453,0.2720451891776694,0.08738768149671994,0
26,desktop,11,5,tech,campaign_00,0.945,0.4600374849032126,0.4894518338289183,0
56,desktop,11,5,fashion,campaign_04,0.9252,0.18152310810969374,0.09289842009181715,0
28,mobile,19,0,tech,campaign_03,0.891,0.5296252409594838,0.5152356815238681,0
47,tablet,6,2,tech,campaign_21,2.3256,0.7066959213132259,0.7262178421289601,0
63,desktop,9,0,tech,campaign_18,2.1477,0.5752949526285022,0.6203297914708034,1
21,mobile,0,2,food,campaign_14,2.7191,0.0931093308585309,0.44826764121201756,0
25,mobile,8,4,fashion,campaign_07,0.7651,0.8444086141655732,0.9458585478975475,1
60,tablet,2,1,food,campaign_02,2.3805,0.17497783748748819,0.10174723308217049,0
18,mobile,13,1,food,campaign_17,1.7618,0.7648120006111286,0.8800015069119312,1
53,desktop,21,3,tech,campaign_06,0.9952,0.3605651107758504,0.800128872641203,1
44,desktop,11,3,food,campaign_17,0.2028,0.7827613480561023,0.41973858036458456,1
36,mobile,21,4,food,campaign_20,2.4749,0.20627290340534576,0.15286717190071442,0
62,mobile,23,0,fashion,campaign_25,0.7991,0.1866621036954298,0.15586678577764124,0
62,tablet,1,1,food,campaign_14,1.9321,0.49702584621748225,0.9218057607427973,1
34,desktop,12,5,tech,campaign_00,1.6917,0.032936014698360494,0.2337046642782601,1
18,mobile,12,4,food,campaign_08,0.1129,0.22529733878233338,0.8741157079878287,0
24,mobile,9,6,fashion,campaign_25,2.9836,0.7240122521843483,0.5032952199302889,1
23,desktop,19,5,tech,campaign_15,2.4616,0.8373834783054255,0.4617346367273666,1
69,tablet,9,5,tech,campaign_18,1.5108,0.08078536393781044,0.6195112675838207,0
49,tablet,1,3,fashion,campaign_13,2.073,0.8820777094381044,0.21503908289323292,1
53,mobile,13,6,fashion,campaign_04,1.4821,0.797517204053179,0.428370674059694,0
30,tablet,4,2,food,campaign_26,2.2593,0.8696842957069654,0.9384844388049298,1
62,tablet,8,6,food,campaign_23,0.4896,0.6984285545788399,0.23825692897874984,1
55,mobile,12,2,food,campaign_29,1.3944,0.6741530672939647,0.9215835588797517,0
57,mobile,17,3,fashion,campaign_25,1.0731,0.5250932333448638,0.9942096966091787,0
42,tablet,6,4,food,campaign_08,1.433,0.652787224491315,0.05190718807549677,0
54,desktop,9,2,fashion,campaign_07,1.4064,0.9191096645666051,0.5313791225913715,1
46,tablet,1,1,fashion,campaign_07,0.515,0.10052200141670842,0.1718192996936886,0
37,mobile,9,6,tech,campaign_27,2.9318,0.3157644778460912,0.6217142559566773,0
48,mobile,13,3,fashion,campaign_16,0.1449,0.07245497359587183,0.9895426432148756,0
34,mobile,14,6,fashion,campaign_13,0.1292,0.9448051719440385,0.8968808954182058,0
67,mobile,7,2,food,campaign_29,1.183,0.445265465999388,0.9248484616063535,0
55,desktop,1,6,tech,campaign_18,1.8991,0.6753444706761884,0.21334981331209935,0
56,mobile,13,4,tech,campaign_27,0.621,0.8411200645043214,0.5423195988893015,1
55,tablet,15,5,food,campaign_29,1.6463,0.9910002480764886,0.23483101639495063,1
41,desktop,2,5,food,campaign_02,2.196,0.16178245779226574,0.8994247075776513,0
67,tablet,12,1,fashion,campaign_10,0.3728,0.7995126057182287,0.19115399307424652,1
28,desktop,2,5,fashion,campaign_22,2.9548,0.8874228981367364,0.1539589124091998,1
47,mobile,10,6,tech,campaign_24,1.0764,0.04887537685087562,0.012162631714018768,0
21,desktop,15,4,fashion,campaign_04,1.963,0.7540905601855734,0.18194786008662167,1
33,mobile,17,6,tech,campaign_09,0.4211,0.3547253211965503,0.18976284685453282,0
47,tablet,17,5,fashion,campaign_16,2.1575,0.648596791470432,0.07749018752561165,1
43,tablet,18,4,food,campaign_23,2.5373,0.5140481960388648,0.8677411034131589,0
66,mobile,5,3,tech,campaign_03,0.4053,0.2597422520866369,0.779997808696124,1
49,desktop,20,6,tech,campaign_18,0.465,0.13522136200398605,0.2544814973472568,0
39,desktop,8,1,food,campaign_08,0.915,0.11694723308920829,0.7832577033112026,0
40,mobile,8,3,tech,campaign_06,0.1346,0.1033228577084917,0.42216454679679827,0
49,mobile,18,5,tech,campaign_15,2.9595,0.6377900401345777,0.7755203093481845,1
59,tablet,7,6,tech,campaign_12,1.8353,0.3514108513995381,0.32300765183517355,0
32,mobile,1,1,fashion,campaign_19,1.862,0.21663343820587244,0.5646542264878771,0
48,desktop,17,0,tech,campaign_09,2.881,0.691885092705903,0.38161054195416855,0
47,mobile,15,2,tech,campaign_24,2.5129,0.6868495657664668,0.18767581702346914,1
18,desktop,13,6,food,campaign_02,2.4613,0.5391682923569977,0.5856328840020008,1
65,mobile,3,3,fashion,campaign_25,1.0846,0.9349578168658509,0.7508307999778511,1
47,desktop,15,0,tech,campaign_00,1.0711,0.3854142314414213,0.7531071245941489,0
30,desktop,4,0,fashion,campaign_22,0.946,0.835862971269293,0.35628941831924354,0
50,desktop,13,2,fashion,campaign_10,1.1054,0.07513940793219631,0.518711768405828,0
53,desktop,12,2,food,campaign_11,1.1716,0.7398310940385044,0.7637785985850863,1
65,mobile,18,0,tech,campaign_00,0.506,0.98844741383193,0.05449759452259084,0
19,desktop,23,3,tech,campaign_21,1.1322,0.8465982162878168,0.07188833330086031,1
39,tablet,4,3,fashion,campaign_04,1.3956,0.5796647193100594,0.37622273997207734,0
27,desktop,2,1,fashion,campaign_19,0.9971,0.6267660643271606,0.2234716010289668,0
47,mobile,13,1,tech,campaign_21,0.5795,0.3532895494369468,0.37464601955022037,0
44,tablet,22,4,fashion,campaign_25,1.1829,0.6794852182581039,0.09375307985962356,1
42,tablet,3,6,tech,campaign_21,1.4946,0.770395383181327,0.5920080306752875,1
69,tablet,11,6,tech,campaign_09,2.1901,0.9982284811178539,0.6717405059943544,0
45,tablet,9,3,fashion,campaign_22,2.1626,0.492462917000433,0.7918405078939063,0
39,tablet,7,0,tech,campaign_24,0.6878,0.06130406577344227,0.6505229380753269,0
21,tablet,15,6,tech,campaign_09,0.2063,0.5958579507309852,0.39638139500607583,0
33,desktop,7,6,tech,campaign_03,0.981,0.11902414998216859,0.9349282248178576,0
64,mobile,11,1,food,campaign_26,0.5557,0.24476504355611006,0.7263320160279905,0
41,desktop,20,2,fashion,campaign_04,1.2478,0.32877991130573725,0.5276812458267756,0
65,mobile,9,0,food,campaign_17,2.9401,0.7310298731484106,0.2068504083355922,0
45,tablet,0,5,fashion,campaign_07,0.6251,0.18380812387850054,0.6489749867362157,0
46,desktop,21,5,tech,campaign_03,1.0247,0.16575294684235253,0.5917205250859561,0
40,tablet,6,0,food,campaign_23,2.2028,0.04496424249882747,0.6833299989375465,1
46,desktop,18,4,fashion,campaign_04,1.5766,0.8732399363538809,0.7811247653083012,0
21,desktop,18,2,food,campaign_20,0.2274,0.6935054243560607,0.915049618978224,1
20,tablet,12,3,food,campaign_20,0.5689,0.03994646561762649,0.9490565913581458,0
42,desktop,2,1,fashion,campaign_01,2.8122,0.02829230563811458,0.6301855021255962,0
49,desktop,22,5,food,campaign_05,0.3992,0.5586742964750561,0.9659560357533433,0
46,desktop,16,2,food,campaign_23,1.9418,0.28253440128671103,0.9114223990005675,0
40,tablet,10,5,tech,campaign_15,2.3977,0.5967263504319288,0.0026143570152210582,1
33,tablet,20,1,tech,campaign_03,0.8698,0.4346041756809653,0.6376174662460078,0
54,mobile,18,4,food,campaign_29,2.2027,0.9233125623102546,0.17846940983406356,1
49,desktop,18,2,fashion,campaign_07,0.5927,0.2878090149613679,0.2951926544584984,0
20,desktop,4,6,tech,campaign_00,0.9258,0.6791453684388935,0.29750019973558883,1
41,desktop,15,3,tech,campaign_27,1.0043,0.05405431161859919,0.4831296396371074,0
54,mobile,6,5,tech,campaign_00,2.9897,0.9558605341889254,0.010866177993366422,0
58,tablet,1,0,fashion,campaign_16,0.7223,0.9807574679083522,0.2357964080246565,1
32,tablet,8,4,food,campaign_29,0.4747,0.7390746290164124,0.02912095695983663,1
66,mobile,2,0,food,campaign_17,2.7845,0.46521247156357315,0.6505585657192379,1
51,mobile,2,2,food,campaign_17,0.5696,0.21999343932726134,0.8892875786928331,0
40,desktop,17,1,food,campaign_11,2.6499,0.8125163402479647,0.9977886598319321,0
50,mobile,12,0,tech,campaign_03,1.9863,0.7363540971470223,0.44855689178209746,1
63,tablet,9,4,food,campaign_17,1.7729,0.22195403956094906,0.26014111029415277,0
29,tablet,4,1,food,campaign_26,2.2789,0.4512152941572657,0.8531035967306924,0
25,tablet,18,3,food,campaign_02,2.2054,0.46279893781678505,0.11315851754047279,1
40,desktop,15,5,food,campaign_26,0.4205,0.8264105499727091,0.9742389810561408,0
22,tablet,14,1,tech,campaign_12,2.9985,0.6838446843340765,0.7148374547182023,1
61,mobile,4,4,fashion,campaign_16,2.8315,0.6431675435400551,0.5039346653674142,0
68,mobile,2,2,fashion,campaign_04,2.7001,0.6498274225632784,0.09665053732423334,0
49,mobile,2,2,tech,campaign_18,1.9046,0.2704700793824789,0.018195935709771405,0
68,tablet,0,4,food,campaign_05,1.6161,0.371711259829534,0.5445321974819392,0
21,desktop,23,4,food,campaign_08,1.6552,0.04566228543670614,0.4138505074400214,0
50,mobile,8,4,tech,campaign_21,0.1433,0.7869411358121238,0.8426644943620367,1
41,mobile,15,1,fashion,campaign_01,1.5485,0.43299821516981385,0.6423054796934369,0
32,desktop,23,4,fashion,campaign_13,1.9089,0.4382383570875735,0.4318963464956951,0
34,mobile,22,1,food,campaign_17,2.0102,0.24535626493362672,0.22600706010119387,0
46,desktop,7,1,tech,campaign_03,1.0632,0.2094272814594289,0.48042220881200615,0
51,desktop,11,6,food,campaign_08,1.4667,0.5878219295690292,0.16299427878615658,0
26,mobile,11,0,fashion,campaign_10,1.9453,0.23255301520367577,0.6670126624731854,0
49,mobile,0,2,fashion,campaign_19,1.3421,0.06420885156546441,0.60572907246576,0
66,desktop,18,3,food,campaign_29,2.8902,0.7675074159808983,0.8100713681262028,0
18,desktop,13,1,fashion,campaign_25,2.1458,0.37646943440636593,0.44952927224227623,0
63,mobile,8,5,food,campaign_05,0.1037,0.38023558389930445,0.278648533027529,0
49,desktop,13,3,tech,campaign_00,0.1675,0.4313182815157913,0.8363953592357555,0
35,desktop,17,5,fashion,campaign_01,2.1019,0.8150448234080938,0.6909970814598847,1
56,mobile,0,2,food,campaign_17,1.2967,0.3208368959398171,0.70670916405935,0
50,desktop,15,6,fashion,campaign_04,2.5345,0.758036211257836,0.5280845714063456,1
57,mobile,20,5,tech,campaign_06,0.6017,0.9395448407795433,0.875978614886873,0
22,mobile,17,2,fashion,campaign_25,0.1401,0.6608681959247994,0.22778350747153586,0
21,mobile,14,6,food,campaign_26,1.2254,0.43168108117702464,0.4016920253529206,0
51,mobile,2,6,fashion,campaign_25,2.2346,0.7477897231466647,0.7962325716648236,0
33,mobile,17,4,fashion,campaign_07,2.918,0.4578973697513855,0.13296090196868116,0
30,tablet,18,0,tech,campaign_18,2.6626,0.4144272711081408,0.8081094930162147,0
39,mobile,11,4,tech,campaign_18,1.5038,0.5252831635726832,0.35259522073084026,1
55,tablet,13,4,food,campaign_05,2.4572,0.3177223348092938,0.12550369903036696,0
27,tablet,14,2,fashion,campaign_16,0.304,0.1042502162800012,0.07914948553522905,0
68,tablet,2,1,tech,campaign_15,1.7596,0.4148520055261652,0.8430287187537342,0
39,tablet,6,3,food,campaign_11,2.7805,0.12385688112930193,0.7786155456256356,0
25,mobile,19,5,fashion,campaign_22,1.2495,0.4104414735554467,0.2880413453895164,0
21,desktop,23,2,food,campaign_20,2.8843,0.5569337212134503,0.11636218923747821,0
62,tablet,6,3,tech,campaign_15,0.74,0.9307111812056468,0.24723442603771806,1
23,desktop,9,0,tech,campaign_21,0.4063,0.03622233104530359,0.21298763569367574,0
39,mobile,21,4,fashion,campaign_22,1.6218,0.6214584065019442,0.7330556516921982,0
52,desktop,3,6,food,campaign_17,2.731,0.4577351866500773,0.2155630843569175,1
44,tablet,6,5,food,campaign_08,1.0027,0.020261128204139167,0.21609852176762512,0
31,tablet,1,3,fashion,campaign_22,2.4205,0.24954817593872036,0.032268132498855406,0
23,desktop,5,0,tech,campaign_21,0.5907,0.11848525235480156,0.5968596883095181,0
54,mobile,15,3,food,campaign_29,2.2622,0.21679414573144473,0.6889795482561073,0
43,mobile,8,6,fashion,campaign_04,1.7154,0.2745702434609182,0.6534904689480839,1
20,mobile,23,0,tech,campaign_12,0.6075,0.4013063353821963,0.5685991561560785,0
27,desktop,21,1,tech,campaign_27,2.1825,0.5290393934888903,0.9660749488408352,0
47,mobile,21,5,tech,campaign_15,2.1699,0.0009899939263861013,0.4727385121770882,0
26,desktop,17,3,fashion,campaign_28,1.5948,0.1618693606287408,0.8601365081212348,0
38,mobile,16,1,tech,campaign_00,0.7539,0.0935663856088007,0.6460099103773388,0
24,mobile,12,0,fashion,campaign_01,0.4837,0.5496733992627437,0.084161940687836,0
59,mobile,23,2,food,campaign_23,2.876,0.3290748704012698,0.8100884609760892,0
50,mobile,2,4,fashion,campaign_10,2.0019,0.5483977360347181,0.5843885416898182,1
58,tablet,17,5,tech,campaign_15,2.4468,0.22182330217467783,0.6535256593254346,0
20,tablet,3,6,tech,campaign_12,2.1212,0.024229354087584865,0.1802274356238519,0
37,tablet,8,3,tech,campaign_12,2.5055,0.9413669012702468,0.4374900941423574,0
31,desktop,6,2,fashion,campaign_28,0.5712,0.10830812118899402,0.8805824743742842,0
50,mobile,14,6,food,campaign_02,1.5412,0.1268587479617168,0.2154311930863153,0
60,tablet,18,5,food,campaign_23,2.0347,0.1465468265101405,0.00012490653719365863,1
29,desktop,1,1,food,campaign_26,0.3998,0.9812765239932727,0.25750871211747506,1
58,tablet,14,4,fashion,campaign_19,0.5349,0.6176602401699961,0.487542449176412,0
48,desktop,5,5,food,campaign_11,1.9385,0.6102899517038506,0.8212780433019213,1
60,desktop,1,1,fashion,campaign_04,2.6192,0.9866982015185296,0.6432909005733509,1
22,desktop,10,6,food,campaign_20,2.0152,0.08843876927465477,0.9190634689571758,1
69,mobile,13,2,food,campaign_14,0.205,0.9745008925422891,0.4555644316278935,1
40,desktop,4,3,fashion,campaign_04,2.9143,0.2040131465540409,0.3908152229570373,0
32,tablet,9,3,fashion,campaign_10,0.5046,0.6230715035620354,0.23141821659571327,0
27,mobile,22,4,fashion,campaign_28,0.7744,0.4200835653027917,0.21806248453910415,0
69,mobile,8,6,fashion,campaign_07,2.9274,0.3839518134771782,0.7361098970080604,1
63,tablet,23,2,food,campaign_05,2.336,0.9312433284794626,0.08035912304530912,0
24,desktop,20,2,food,campaign_20,2.8161,0.14922772844025645,0.24271358483300864,0
41,tablet,8,5,food,campaign_05,2.4392,0.9970690110762436,0.8858952595401297,1
56,desktop,13,6,tech,campaign_27,1.99,0.37912506109154853,0.5769208180996529,0
48,desktop,17,6,fashion,campaign_25,0.9252,0.6487749038885544,0.04658760906833226,0
27,tablet,11,5,food,campaign_29,1.048,0.9679067314833601,0.7042550483297855,0
36,desktop,9,4,tech,campaign_27,2.8471,0.05760105037897478,0.5066823677531164,0
37,mobile,7,5,fashion,campaign_07,2.5958,0.9228643629251906,0.8545217274980156,1
33,desktop,3,6,tech,campaign_06,1.1425,0.5678113853543433,0.682433872541263,0
67,mobile,0,0,fashion,campaign_10,1.1825,0.7043968789774523,0.00444658797778863,0
28,desktop,8,4,food,campaign_14,0.9633,0.14918418388634835,0.20573908717492062,0
54,tablet,19,0,food,campaign_26,1.0458,0.5333874308310322,0.257963700564945,0
65,mobile,5,4,fashion,campaign_22,2.5959,0.6735137147252437,0.70223228916165,0
59,tablet,4,2,fashion,campaign_19,0.1305,0.4562473073876818,0.5093141776700942,0
59,desktop,7,2,food,campaign_26,1.3646,0.15498517810605672,0.7474474970911631,0
26,mobile,14,6,fashion,campaign_19,2.8342,0.24411907508557662,0.5128671987834625,1
24,mobile,5,4,food,campaign_11,1.6736,0.8543927909934985,0.32738461069660096,1
58,tablet,5,3,tech,campaign_12,1.4063,0.03447099283276278,0.10366064670868935,0
56,tablet,2,6,tech,campaign_15,1.0059,0.7088620784408124,0.20262209866873626,0
56,tablet,7,0,food,campaign_02,0.3143,0.9993900365145268,0.4007800803456817,1
39,desktop,5,4,fashion,campaign_22,0.751,0.007482996106766615,0.5514543081817787,0
45,desktop,19,1,fashion,campaign_19,0.3623,0.16104568281993992,0.9386374031906226,0
18,desktop,21,1,tech,campaign_21,0.4674,0.6741443008931345,0.23972017706650117,0
33,desktop,8,1,fashion,campaign_16,0.5742,0.05999083458534826,0.6660849394466838,0
45,mobile,2,3,food,campaign_23,0.9759,0.5897899838558589,0.15254591149330166,1
24,mobile,2,4,fashion,campaign_28,0.1319,0.6840001035610561,0.7137531219223341,1
24,tablet,7,5,food,campaign_17,2.8554,0.5881463481140702,0.011340877143979022,1
20,desktop,11,3,fashion,campaign_13,0.4591,0.3651847030210672,0.6559199499296157,0
28,mobile,12,6,tech,campaign_03,1.2111,0.6972822959866389,0.16321765671452437,1
69,tablet,7,2,food,campaign_23,2.6506,0.5942944280138205,0.18032444638082334,0
54,mobile,8,1,tech,campaign_27,0.409,0.20763717209391974,0.5589076333145773,0
67,desktop,6,0,food,campaign_20,1.5025,0.5631355435851098,0.3754115459087124,1
31,mobile,12,0,fashion,campaign_25,2.5499,0.8819072171389275,0.4713051505508362,1
49,desktop,16,3,fashion,campaign_25,1.7152,0.66683328569045,0.3088888825562579,1
64,desktop,1,2,food,campaign_23,0.71,0.4717915073938471,0.9534670495283252,0
36,tablet,11,5,tech,campaign_15,2.233,0.32158410286945116,0.2906561000818888,0
52,tablet,15,0,food,campaign_02,2.0759,0.08588620943757286,0.5420474247354999,0
54,tablet,16,1,tech,campaign_00,1.1503,0.2446271327590287,0.8543555555408452,0
61,mobile,13,6,tech,campaign_06,0.2343,0.011186753086876888,0.6641808122608212,0
68,mobile,12,0,tech,campaign_12,0.1228,0.9866259175249644,0.32277694698172066,1
49,tablet,16,2,fashion,campaign_22,2.4936,0.22248225212873995,0.5524366833668194,1
48,tablet,9,1,fashion,campaign_13,1.0325,0.8148759426853727,0.08299112623272742,1
63,mobile,13,3,tech,campaign_00,0.4995,0.1686448818049786,0.5456864027076922,0
53,mobile,7,6,tech,campaign_06,1.6038,0.2836011496055739,0.43138908835354195,1
36,desktop,10,1,food,campaign_29,2.7704,0.41827731922836675,0.7579337070734441,0
50,mobile,2,2,food,campaign_29,0.1246,0.3244056641416051,0.8479028431341171,0
46,mobile,8,3,food,campaign_11,0.2628,0.7983508127598611,0.19961652164743904,1
29,tablet,3,5,tech,campaign_24,1.3094,0.9576934080154231,0.08153590546076306,0
44,desktop,5,6,tech,campaign_21,2.0603,0.8752944836508485,0.3905569812448356,0
50,mobile,10,0,tech,campaign_27,1.4807,0.15357786694775655,0.534150408200547,0
64,desktop,12,3,food,campaign_26,2.7029,0.7766886763492903,0.37680194831502256,1
48,desktop,22,5,tech,campaign_18,0.2278,0.14794691330471144,0.6285611709980801,0
26,desktop,0,0,food,campaign_11,1.0864,0.9133811065621014,0.5056512797190751,1
69,tablet,21,5,tech,campaign_18,1.1189,0.5178785756685784,0.9366260346650898,0
48,mobile,7,1,tech,campaign_09,1.0864,0.33638108805670675,0.40939112331959304,0
32,desktop,17,3,fashion,campaign_10,1.5143,0.1570254973341928,0.08249417294858241,0
57,tablet,16,6,tech,campaign_18,2.3927,0.011809088179004612,0.3019350211414771,0
38,desktop,23,4,food,campaign_17,1.0219,0.24794699166088474,0.6058938623632445,1
37,tablet,2,6,food,campaign_17,2.259,0.9140200632813119,0.2560250986070861,1
61,desktop,23,4,food,campaign_11,0.5247,0.7972621922722275,0.2689884518056338,0
63,desktop,1,1,tech,campaign_12,1.7261,0.9697937077507195,0.33957248402235085,0
45,tablet,21,4,tech,campaign_00,1.1878,0.10076152112137304,0.7461417799090552,0
37,desktop,15,4,tech,campaign_18,1.6637,0.5921787435056695,0.9401332342939615,1
62,tablet,11,2,food,campaign_17,0.4125,0.2571504740307766,0.35037663384777995,0
27,tablet,9,0,fashion,campaign_28,2.865,0.5429417057724074,0.1954880397604919,1
56,tablet,2,4,tech,campaign_15,2.728,0.32045488556345514,0.42063695216710306,0
48,mobile,19,4,food,campaign_14,2.4965,0.2834655502433575,0.35183969297962614,0
62,desktop,17,5,food,campaign_02,2.6891,0.5738453020245975,0.990024914123176,1
39,tablet,22,0,food,campaign_05,0.5254,0.1833181618695403,0.4638682585179925,1
61,desktop,17,3,fashion,campaign_10,1.5608,0.46913343697211685,0.679283352811864,0
18,mobile,22,5,food,campaign_11,1.0219,0.6508122650440348,0.9137880666448532,0
57,mobile,21,6,fashion,campaign_10,2.6734,0.12818207318280406,0.6290615773638835,0
21,tablet,10,6,food,campaign_11,0.6494,0.930594270876904,0.24937847491985388,0
51,mobile,16,1,food,campaign_23,0.7378,0.5057246994541248,0.6074100953332803,0
28,mobile,6,1,tech,campaign_03,2.0915,0.8195279718843422,0.4018763360651161,0
68,tablet,19,4,tech,campaign_09,0.3578,0.6539054306210633,0.42234986943880704,0
58,mobile,14,3,fashion,campaign_04,2.2239,0.7100009412225455,0.979324581370405,1
23,tablet,10,1,tech,campaign_09,0.8776,0.716130940992838,0.2785910135948526,1
64,desktop,15,0,food,campaign_20,2.0167,0.8750998970614726,0.4689351464783108,1
31,tablet,6,1,fashion,campaign_01,2.6318,0.6136054350469241,0.1598670456992003,0
46,desktop,14,2,fashion,campaign_10,1.8679,0.2782171517213896,0.17854419868548876,0
22,tablet,11,5,tech,campaign_00,0.7168,0.09950964286545716,0.6034844240858339,1
23,tablet,7,0,fashion,campaign_28,0.2426,0.6062506194501415,0.7510157081527147,1
30,mobile,23,0,tech,campaign_21,0.2294,0.06635280377058106,0.6364598736168452,1
45,tablet,1,1,fashion,campaign_07,0.3576,0.2412934516895302,0.3292839979029708,0
46,tablet,18,6,food,campaign_05,1.7815,0.06070718460191171,0.05961817256501978,0
62,mobile,5,6,food,campaign_02,1.1098,0.5488875890065671,0.4702638621486921,0
26,mobile,5,3,food,campaign_14,0.805,0.16033812494286803,0.504269653093964,0
56,mobile,3,0,fashion,campaign_22,0.736,0.6104073194334733,0.7706516079598186,1
18,mobile,2,0,food,campaign_17,2.8509,0.7908651308632676,0.6402895622919548,0
33,desktop,2,6,food,campaign_26,0.4446,0.8218807207718624,0.8712586276009868,0
27,tablet,19,3,fashion,campaign_10,0.984,0.30954350813762743,0.7829828786950916,0
24,desktop,22,0,food,campaign_08,1.4673,0.548954532694496,0.3658777838109468,0
48,mobile,14,5,food,campaign_14,0.1013,0.563010760086359,0.6322214235246982,1
64,desktop,0,3,tech,campaign_06,2.7708,0.4728871821541666,0.7472865294551266,1
52,mobile,20,2,food,campaign_29,0.3874,0.6551138914247648,0.9568803691727449,1
62,tablet,14,3,food,campaign_05,2.0792,0.21008712382353356,0.42235216262224584,0
48,mobile,12,1,food,campaign_14,1.9237,0.9792432395867943,0.648281992311136,1
20,tablet,22,6,tech,campaign_15,2.4463,0.09807982709093244,0.3926638352816342,1
35,desktop,9,5,fashion,campaign_01,1.989,0.8292211412031192,0.737828178869787,0
60,mobile,8,1,food,campaign_14,2.3312,0.5940959869511878,0.9119931713105572,0
20,tablet,18,5,fashion,campaign_13,1.3216,0.24485474719371592,0.9192260157195751,0
23,desktop,12,1,fashion,campaign_07,1.5172,0.7456750006602998,0.15708751738751003,1
61,tablet,17,3,tech,campaign_03,2.1348,0.08448089567707195,0.20409659762087884,0
21,desktop,16,5,fashion,campaign_01,1.7484,0.7744178344487831,0.7549294507897987,0
67,tablet,20,0,tech,campaign_00,1.5835,0.5899852222430135,0.6310098859424019,0
57,desktop,7,5,food,campaign_14,0.6961,0.11075031839640159,0.9051072868549548,1
52,mobile,1,1,food,campaign_02,0.8485,0.07950556309237022,0.3138005594155354,0
45,mobile,11,4,fashion,campaign_28,1.1396,0.7508363334364625,0.8480208111462629,1
22,desktop,15,3,fashion,campaign_07,0.1269,0.29293590650383716,0.6837758569838599,0
39,desktop,19,0,fashion,campaign_19,1.3104,0.8893018507672135,0.19545631015659948,1
60,tablet,6,5,food,campaign_20,0.108,0.762073021030176,0.12649436899563926,1
65,desktop,17,1,food,campaign_14,1.7385,0.6981902447177161,0.7027236020086076,1
41,tablet,19,6,food,campaign_26,2.1417,0.27860605263345095,0.158461512724268,0
61,mobile,19,5,tech,campaign_03,1.7302,0.7089445190216179,0.7943290397431482,1
58,desktop,19,1,fashion,campaign_07,2.1112,0.948147684514834,0.5570950401273173,0
20,tablet,23,4,fashion,campaign_07,0.1,0.09155983437056892,0.47686706246278976,1
50,mobile,15,2,fashion,campaign_04,0.2724,0.32616264200356604,0.27552903592141964,0
50,mobile,8,4,food,campaign_08,2.1255,0.23467226546159414,0.9838455949248598,0
46,tablet,10,3,tech,campaign_09,2.4284,0.3932501344006667,0.7221671109105264,1
58,desktop,17,2,fashion,campaign_22,2.1813,0.7423326548539464,0.778063647164877,1
64,tablet,5,4,tech,campaign_09,2.0227,0.47424258142538656,0.7687109276653382,0
46,desktop,14,1,food,campaign_26,2.1514,0.5707306061202463,0.5840155771765966,0
34,tablet,13,6,food,campaign_23,2.2448,0.31415488807834235,0.9396988419588779,1
69,tablet,15,6,tech,campaign_27,2.2007,0.14128926708710055,0.5838215033826768,0
68,tablet,10,1,tech,campaign_03,2.2402,0.26693364893772853,0.5200455851041494,0
53,mobile,17,5,food,campaign_29,0.3147,0.859680301241987,0.27371044242286724,1
51,desktop,1,6,tech,campaign_18,0.2835,0.6024169621534105,0.28173591984167345,0
23,mobile,17,0,food,campaign_29,1.1472,0.3779886731972337,0.7368839059820436,0
38,mobile,19,5,fashion,campaign_10,1.63,0.7899059817355876,0.3347674216396055,0
28,mobile,21,6,fashion,campaign_28,2.3116,0.06445743245490876,0.7287107451466779,0
44,desktop,22,1,food,campaign_17,1.0707,0.2538910879223857,0.952706758814825,0
60,desktop,8,4,food,campaign_02,0.8978,0.23010315405733928,0.43930743677875883,0
29,tablet,1,5,tech,campaign_12,2.3662,0.9853645621682221,0.09732564287964196,0
69,mobile,15,2,fashion,campaign_04,0.8231,0.7060985823927602,0.6665464813294362,0
24,desktop,2,1,fashion,campaign_28,2.4804,0.6177859363885542,0.009523031695485629,1
23,tablet,6,2,tech,campaign_09,0.6137,0.004984965294472898,0.7870035212722968,0
68,tablet,16,2,tech,campaign_06,1.1425,0.18431000208985737,0.5256531170387184,0
23,mobile,14,5,fashion,campaign_16,1.2631,0.6355412929730783,0.4897322040086549,1
56,tablet,14,2,tech,campaign_12,0.9686,0.37971932648166573,0.5694421605776873,0
57,mobile,18,2,food,campaign_02,0.1097,0.9242803836790608,0.5164085439347159,0
35,desktop,3,6,tech,campaign_24,0.783,0.7647242191417579,0.32377727179602267,0
21,desktop,18,4,fashion,campaign_25,1.0792,0.44738407280411996,0.2815089096792419,0
34,tablet,14,6,fashion,campaign_22,1.0095,0.7495149775382705,0.41529746062389516,1
21,tablet,10,4,tech,campaign_18,2.3781,0.9754043238262216,0.8949092819155667,0
52,tablet,11,6,tech,campaign_12,0.2374,0.4609808247014706,0.135370459787843,0
64,tablet,12,1,fashion,campaign_16,1.228,0.6425258878885334,0.3247645966865833,0
69,desktop,13,6,tech,campaign_15,0.2088,0.9186646150612952,0.19230042794940438,1
59,tablet,8,6,fashion,campaign_04,2.7989,0.24867466203617328,0.42713697673738193,1
58,mobile,5,0,food,campaign_02,2.3916,0.8865579136662783,0.13349841912317117,0
63,desktop,4,2,fashion,campaign_07,2.9483,0.09754470677298266,0.7607956139022322,0
58,mobile,8,2,fashion,campaign_13,2.7395,0.6484481705876465,0.10346739258457471,0
51,tablet,6,2,fashion,campaign_04,1.0159,0.7828381550557844,0.6652620936172707,0
69,tablet,12,5,tech,campaign_03,2.1056,0.6146062192524261,0.26771032486902346,1
34,tablet,21,4,fashion,campaign_25,0.989,0.49553480415254303,0.4721899968576627,1
39,tablet,2,1,food,campaign_11,2.6758,0.617347099925686,0.1999879617175414,1
65,mobile,7,4,food,campaign_17,1.2912,0.15166370877944457,0.7302236794757191,0
34,tablet,1,6,tech,campaign_15,1.1901,0.21557071033021835,0.9482759892683243,1
33,desktop,23,3,fashion,campaign_22,2.7508,0.26989934395634196,0.22174528739299593,0
25,tablet,16,6,fashion,campaign_22,2.5265,0.5977793406300381,0.9531532077128283,0
32,tablet,5,4,food,campaign_08,2.9026,0.4419010737450705,0.325273801011434,1
48,desktop,9,6,fashion,campaign_25,0.2928,0.24447584248583953,0.5578471670519016,0
64,mobile,17,6,food,campaign_11,0.8057,0.8828093321445801,0.7015899510855761,1
25,desktop,22,0,fashion,campaign_25,0.9725,0.3739218402932234,0.19926861606519364,0
53,desktop,13,5,tech,campaign_12,1.3306,0.44603171922989115,0.44476393743262765,0
57,tablet,6,1,tech,campaign_03,1.4721,0.40970107654899457,0.06782748066405009,1
64,desktop,16,5,fashion,campaign_22,0.9453,0.18194295527675264,0.69705377602802,0
57,desktop,16,5,tech,campaign_00,2.3923,0.7316270154302333,0.41661611972447843,0
26,desktop,15,1,food,campaign_23,0.7474,0.448458262268858,0.8916445326395909,0
43,mobile,1,0,fashion,campaign_01,2.1199,0.016257109892718447,0.27399188857313794,0
67,mobile,16,2,tech,campaign_06,2.5701,0.964013702359797,0.9236013243239269,0
65,mobile,0,2,tech,campaign_18,1.8507,0.8157636115954137,0.14103984468284503,0
49,desktop,21,3,fashion,campaign_28,1.1271,0.7235593540918033,0.6069664660138833,1
68,desktop,21,0,tech,campaign_12,0.6449,0.869091870518529,0.3078081798721789,0
52,tablet,13,0,tech,campaign_03,0.4896,0.9068072536055503,0.18178161095328738,1
21,tablet,15,3,tech,campaign_06,2.2581,0.33748970638443865,0.09393717171916549,0
65,mobile,1,5,food,campaign_26,1.4605,0.6109586784166986,0.6556425588286899,1
26,mobile,20,2,tech,campaign_21,0.2343,0.6088078092055942,0.23316793325924545,1
37,desktop,6,2,tech,campaign_03,2.9531,0.26729966881059697,0.5728144120710477,0
30,tablet,6,1,food,campaign_11,2.0468,0.2219522514470672,0.9794187228352779,0
55,mobile,16,1,fashion,campaign_07,2.5481,0.11390725481902209,0.31596182027953157,0
19,mobile,22,2,food,campaign_05,1.3707,0.6593141959164528,0.03494427771672881,1
51,mobile,11,1,fashion,campaign_25,2.8708,0.7809189910307799,0.14282261439642052,0
62,desktop,12,2,tech,campaign_18,0.6786,0.7609529795170038,0.11932200941117077,0
58,tablet,13,1,food,campaign_05,0.6369,0.31627537718497434,0.4632835272052358,0
33,tablet,6,4,fashion,campaign_19,2.682,0.20525985046520223,0.7446505696606273,0
64,desktop,14,2,tech,campaign_12,2.686,0.45361417845462193,0.2964443857818584,0
36,mobile,23,5,fashion,campaign_01,1.5472,0.5468134602405106,0.14584277084384323,0
53,desktop,9,4,fashion,campaign_13,0.4648,0.9190871279685557,0.6407667663289269,1
44,desktop,18,4,food,campaign_05,0.9851,0.8748231542740541,0.30118020884924246,0
21,mobile,18,4,fashion,campaign_07,2.287,0.9160583313018277,0.5751703493122327,1
18,tablet,20,6,food,campaign_26,2.5534,0.8502623851359796,0.9337865596727519,1
27,tablet,17,1,tech,campaign_21,1.1082,0.9645812044363112,0.2913469549265262,0
66,mobile,22,6,fashion,campaign_04,0.2776,0.46549999716905743,0.5124916144862686,0
67,mobile,17,1,fashion,campaign_25,2.0306,0.04747349743309437,0.8068119136312163,1
39,mobile,23,0,food,campaign_17,2.2445,0.08356203214847824,0.6917181124976282,0
68,tablet,17,5,food,campaign_26,1.3296,0.39027614177234315,0.7514781747791858,0
20,desktop,20,6,fashion,campaign_22,1.791,0.25768709127299727,0.7725693748561002,1
68,mobile,21,0,fashion,campaign_10,2.9634,0.16994059136106732,0.5399160203340431,0
30,mobile,23,4,fashion,campaign_16,0.8105,0.9532037745086486,0.536062107902265,1
19,mobile,14,3,tech,campaign_15,1.7616,0.19541958841062246,0.7188895804484474,0
57,desktop,17,1,tech,campaign_21,1.8718,0.959379272315231,0.6976482701135557,0
37,tablet,23,3,fashion,campaign_07,1.6924,0.7608388403212071,0.6700576640296851,0
33,mobile,9,4,tech,campaign_09,2.6205,0.6409456721252235,0.3821346921426636,0
57,mobile,2,4,fashion,campaign_07,1.8545,0.6760189600893783,0.8285426456048768,1
35,desktop,21,3,food,campaign_08,1.5729,0.331474323659124,0.2362028893708893,0
57,tablet,15,6,fashion,campaign_04,0.4567,0.6464270380582822,0.15573196635271225,0
28,desktop,10,1,fashion,campaign_01,2.1393,0.1866921182812653,0.34516221911570155,0
22,mobile,17,4,fashion,campaign_28,0.4831,0.9377054325359795,0.25383124040495597,0
34,mobile,0,2,food,campaign_02,0.1771,0.30179333996059354,0.6631825122031564,0
49,tablet,11,6,food,campaign_26,1.5167,0.25518651229354217,0.23101785114996087,0
29,tablet,6,1,tech,campaign_00,1.7601,0.7111627981941575,0.6564898383508689,1
25,tablet,6,6,food,campaign_23,2.9973,0.6564487180661819,0.5132227948407885,1
56,desktop,23,4,tech,campaign_09,2.1657,0.45129891834330527,0.15245006807525963,0
43,tablet,13,1,tech,campaign_15,2.5609,0.6324462346907863,0.2583962641210229,0
40,desktop,3,5,food,campaign_08,1.1045,0.15949307176085614,0.5217267843032228,0
30,mobile,8,1,food,campaign_14,1.5759,0.673328307401955,0.7331053039236981,0
18,desktop,5,1,fashion,campaign_13,2.9254,0.2706106951951939,0.39825164417467596,0
20,tablet,21,2,tech,campaign_15,1.3104,0.2728359766764573,0.23283264217804,0
53,desktop,6,4,food,campaign_11,2.4411,0.16217993494378458,0.2950782090937888,0
22,tablet,8,2,fashion,campaign_16,1.6254,0.3323771350361646,0.09511718927339685,0
30,tablet,8,3,tech,campaign_24,0.7495,0.3312510603113281,0.025149501090233062,0
65,mobile,4,3,fashion,campaign_13,1.7832,0.45417901170226926,0.9731293119968542,1
35,mobile,18,1,fashion,campaign_10,0.7324,0.1904195046663495,0.09640993436591538,0
56,mobile,13,1,tech,campaign_03,0.1088,0.1930075361587663,0.12488734511065003,0
35,tablet,10,2,fashion,campaign_10,0.7841,0.5417385716632284,0.8709640850796426,1
66,tablet,9,1,tech,campaign_03,0.6601,0.12887740467047515,0.663505235719258,0
60,mobile,16,6,food,campaign_05,1.1757,0.6888970079888351,0.4360725312453263,0
42,mobile,2,2,fashion,campaign_28,2.6769,0.9439471258625965,0.6490234057258495,1
53,desktop,22,2,food,campaign_02,1.2248,0.42679562166437823,0.9349848235304102,0
39,desktop,13,4,food,campaign_14,2.551,0.9011053131506768,0.09937731143570594,1
67,tablet,5,5,fashion,campaign_25,1.7113,0.09831659112586444,0.24371102717533222,0
36,tablet,12,4,fashion,campaign_28,0.1221,0.04295762737564457,0.8603004034707409,0
61,mobile,20,3,fashion,campaign_04,0.6473,0.7213688775138399,0.780639345301107,1
50,mobile,4,6,fashion,campaign_04,2.8007,0.7610215729814965,0.9942567215571908,1
51,desktop,12,6,food,campaign_11,1.8521,0.8430582409657513,0.3139088150721925,0
36,desktop,14,1,fashion,campaign_16,2.7957,0.05681767839998142,0.9448863971385452,0
61,tablet,19,1,fashion,campaign_28,0.9993,0.7769070549568304,0.34368883129500416,1
56,desktop,13,2,tech,campaign_06,2.178,0.3765387327965818,0.7150931911854932,0
60,desktop,17,5,fashion,campaign_04,2.3389,0.3033376326821986,0.8827429476215864,0
59,mobile,18,6,fashion,campaign_07,2.9295,0.17302392134329692,0.17078209525836174,1
26,mobile,21,4,food,campaign_26,0.1527,0.996015755102527,0.2056386550352003,1
63,tablet,8,4,tech,campaign_00,2.8615,0.06366358931886362,0.5809586480323466,0
61,tablet,16,1,food,campaign_11,1.2356,0.8270080146079994,0.8438247700355141,0
30,mobile,5,4,tech,campaign_03,2.5302,0.6394944354905275,0.07894953522211168,0
69,tablet,20,1,fashion,campaign_04,1.6797,0.7350804442618671,0.8508808097559035,1
45,desktop,22,3,tech,campaign_27,1.7375,0.7117171199217964,0.34312052954509653,1
34,desktop,7,1,tech,campaign_00,1.1422,0.8584344850731825,0.4062266139725018,1
29,tablet,13,0,tech,campaign_09,2.5026,0.1837920698561083,0.33986109568755607,1
36,tablet,19,6,tech,campaign_27,0.8656,0.0008246168346853766,0.9114799046076875,0
19,mobile,0,6,tech,campaign_18,1.5275,0.5985284890432662,0.13079432658283907,1
53,mobile,16,4,food,campaign_02,1.7245,0.35385863932333395,0.5742744811763433,1
54,tablet,19,4,fashion,campaign_13,2.2533,0.12378733111713769,0.14810808062579173,0
52,tablet,20,1,food,campaign_29,1.4677,0.18613875410423886,0.9285946300948413,0
46,mobile,4,4,tech,campaign_12,2.0728,0.3317493124592229,0.7979313135356194,1
36,tablet,18,5,tech,campaign_15,1.5074,0.07023337088670323,0.23381927426107785,0
55,desktop,18,3,tech,campaign_15,2.012,0.05691320212845086,0.29777826808815355,0
63,desktop,0,1,fashion,campaign_19,2.055,0.9160262548324442,0.3815153279626775,1
22,mobile,16,2,food,campaign_05,2.1574,0.3121027493536962,0.4054176752954365,0
37,tablet,15,5,fashion,campaign_25,2.4876,0.9822306974735849,0.8173428586320551,1
69,tablet,23,1,food,campaign_29,1.6681,0.9643670083303999,0.5645333553091904,0
62,desktop,1,6,fashion,campaign_04,0.6605,0.1425712823271138,0.42794931489172805,0
69,tablet,23,5,tech,campaign_24,2.071,0.7149243028961909,0.7194446569363528,0
27,tablet,13,6,tech,campaign_24,0.3236,0.6008048891270692,0.45786487634380657,0
42,tablet,6,3,fashion,campaign_22,0.735,0.6906470731051536,0.12824001688479048,0
24,tablet,9,1,food,campaign_11,2.3973,0.09619100001447478,0.10748918426952836,0
63,tablet,18,0,food,campaign_14,1.3617,0.18856007863455804,0.32595667979517173,0
44,tablet,23,3,fashion,campaign_25,1.5443,0.0766386614508815,0.6028702376151721,0
30,tablet,7,2,fashion,campaign_04,2.9635,0.6041342052170712,0.13484132764823442,1
22,desktop,23,0,tech,campaign_24,0.782,0.9865910758490911,0.5501341706974073,1
56,tablet,15,6,tech,campaign_27,0.1567,0.6719845376579414,0.2696096448087335,1
60,mobile,4,6,food,campaign_20,0.423,0.7107615350219296,0.6954134156082917,0
63,desktop,14,2,fashion,campaign_10,0.8091,0.9845850415432811,0.02826270117637064,0
68,desktop,19,4,fashion,campaign_16,2.2052,0.6780115541717961,0.469023431480573,0
60,tablet,1,2,fashion,campaign_01,2.3499,0.04018157262847033,0.0522641490142326,0
58,mobile,1,3,tech,campaign_27,1.7399,0.8670056008565976,0.3305077752753205,1
60,desktop,0,4,fashion,campaign_10,0.8396,0.3646782903787963,0.015575144286879117,0
69,mobile,13,2,fashion,campaign_01,1.6131,0.004363621514715366,0.4690987605779313,0
42,tablet,1,5,food,campaign_23,0.1434,0.5072341775608206,0.7670158684780116,0
57,tablet,22,1,fashion,campaign_19,2.0772,0.9370150008762637,0.10022003774594457,0
60,mobile,3,4,tech,campaign_18,1.8815,0.2573306871949832,0.7352226919940271,0
24,tablet,1,6,fashion,campaign_01,0.1632,0.4915131730528399,0.5841952670923312,1
53,desktop,6,5,fashion,campaign_22,2.4693,0.17377688778239075,0.5046052731360201,0
35,tablet,18,0,fashion,campaign_19,2.3139,0.0576926716664401,0.5994832622802416,1
24,tablet,21,0,food,campaign_23,0.9938,0.08054494671311319,0.33589713172919555,0
26,mobile,6,4,tech,campaign_24,1.9426,0.7270109059613554,0.7103395537682894,1
23,mobile,12,6,tech,campaign_06,1.8443,0.864074470742149,0.7796658419207723,0
64,desktop,18,5,tech,campaign_06,0.5152,0.1432988392524911,0.7782238655868774,0
58,mobile,19,6,tech,campaign_27,0.6605,0.2883185678104687,0.2694597893936884,0
23,mobile,3,1,tech,campaign_15,2.0813,0.19502946764482731,0.6539070096898525,0
50,tablet,20,3,fashion,campaign_13,2.8073,0.026855776926427932,0.1480957257452764,0
52,tablet,20,5,food,campaign_08,1.7712,0.5534313698869836,0.49541961359626707,0
45,desktop,17,4,fashion,campaign_19,1.7467,0.6999221701376476,0.0026292600595175797,0
49,mobile,12,5,fashion,campaign_22,1.9754,0.6478774808850705,0.1935867590083411,1
65,mobile,9,1,tech,campaign_00,1.3777,0.3880535473022476,0.6317341158326056,0
44,tablet,21,3,fashion,campaign_16,0.2571,0.5550102459399053,0.8743615052031294,1
52,mobile,20,3,food,campaign_29,1.2499,0.09409930663622468,0.04902829858602431,0
47,mobile,12,6,food,campaign_08,2.7107,0.15430371872268445,0.5585527921743301,0
38,desktop,17,1,food,campaign_08,2.4343,0.9317946195529834,0.6367750201050305,0
64,desktop,9,2,food,campaign_26,2.7895,0.7615077478198968,0.9323909811827462,0
39,desktop,17,0,fashion,campaign_01,0.5432,0.9227390958251673,0.6551437946449565,1
59,desktop,2,1,food,campaign_11,1.5673,0.9166802844993672,0.10303270247073837,1
49,tablet,21,6,fashion,campaign_13,1.7957,0.6493926171077407,0.14674424254448049,1
53,desktop,12,5,food,campaign_23,0.7088,0.9282386481121652,0.6357641288869977,0
57,tablet,14,1,tech,campaign_03,0.6828,0.4167041030824632,0.21561967676323268,0
56,desktop,4,4,fashion,campaign_13,2.3679,0.0036162447849409363,0.9283054748772882,0
47,desktop,12,4,fashion,campaign_04,2.0484,0.06257111584615938,0.9206872007858861,0
50,desktop,0,6,food,campaign_23,1.9768,0.10948732570081521,0.9486558601572134,0
44,tablet,21,2,tech,campaign_18,0.8743,0.09535345318286026,0.29295260781219334,0
35,tablet,17,6,food,campaign_14,1.5696,0.35170239085026345,0.7169499079603164,0
55,mobile,10,2,food,campaign_11,0.1669,0.7012708071093576,0.6630139069348495,0
63,tablet,20,5,fashion,campaign_04,0.4768,0.790648806600495,0.03560378133777209,1
54,tablet,19,2,tech,campaign_27,1.6029,0.5902132743446247,0.2655650763462797,0
58,tablet,2,4,fashion,campaign_19,0.998,0.14643617455697955,0.2067667296794684,0
61,mobile,1,2,tech,campaign_09,2.9004,0.7479016021481752,0.37080860173833996,0
37,tablet,6,5,tech,campaign_12,1.4673,0.35480191913759895,0.953053716545225,0
21,mobile,0,4,tech,campaign_21,0.3423,0.012993348671796245,0.8456016389583383,0
35,mobile,13,2,tech,campaign_21,0.1517,0.28058862053274936,0.2934245913682769,0
57,tablet,12,6,fashion,campaign_13,2.2032,0.3306005541409779,0.5300315310993231,0
60,mobile,12,4,tech,campaign_09,0.5974,0.2742455352181029,0.1922661215866619,0
44,tablet,1,3,fashion,campaign_19,0.6447,0.8118701531875856,0.27743399229593824,1
58,desktop,22,0,fashion,campaign_19,1.329,0.7599263975940903,0.06500324901488452,1
21,mobile,23,6,food,campaign_17,0.8658,0.6955520304126415,0.6426065009168366,1
51,mobile,14,5,food,campaign_02,1.8881,0.1390050785122653,0.6569207744963289,0
53,tablet,0,4,food,campaign_14,1.5085,0.807833909706282,0.8385016208034435,0
44,tablet,9,5,tech,campaign_18,0.4232,0.6771759616633237,0.8715518134272541,0
55,desktop,17,4,fashion,campaign_28,2.3757,0.19483768648139188,0.1600593991937228,0
43,tablet,17,1,tech,campaign_15,1.335,0.6480939302815164,0.7430409461629872,0
45,mobile,5,1,fashion,campaign_10,1.8714,0.48351164100368105,0.13470763282733234,1
49,desktop,19,0,fashion,campaign_16,0.1114,0.43935006185622505,0.3737150117458109,0
59,mobile,23,0,food,campaign_05,1.9166,0.11212316347238882,0.5155365715592212,1
30,desktop,12,5,food,campaign_02,0.9203,0.5183042758451654,0.04946991408707602,0
33,mobile,9,5,food,campaign_20,1.5337,0.09993180897236364,0.15676371154545432,0
39,desktop,12,1,food,campaign_29,0.9634,0.16425338725426664,0.27111609999003816,0
28,desktop,0,4,fashion,campaign_25,2.9892,0.1325463142747627,0.12754232963418932,1
35,desktop,12,0,food,campaign_17,0.7694,0.9541082790700076,0.9340962722063331,0
36,desktop,0,2,fashion,campaign_01,2.7473,0.28486469044389007,0.2883191880871163,0
34,desktop,0,5,food,campaign_29,2.7621,0.35520432359600773,0.5011716645089137,0
39,desktop,13,5,fashion,campaign_13,1.3209,0.3220806062960361,0.9965342379256862,0
44,mobile,12,6,food,campaign_08,0.9816,0.8982504451781438,0.5666426769312439,1
54,mobile,23,2,food,campaign_26,1.205,0.5629659113348885,0.4114957749920847,1
33,desktop,12,6,fashion,campaign_22,2.9691,0.9191598989333117,0.9297924059242851,1
61,tablet,23,5,fashion,campaign_22,1.8945,0.29992490582789555,0.22249775536660854,1
42,tablet,19,2,food,campaign_08,1.6799,0.11483467443194895,0.17950074083870793,1
55,desktop,8,2,food,campaign_29,0.2042,0.5562184527241746,0.5353643690407835,1
23,tablet,22,0,fashion,campaign_13,2.5587,0.3455369917900175,0.42730173783139014,1
27,tablet,11,6,tech,campaign_15,0.343,0.8019068334907483,0.796986077315465,0
41,desktop,14,1,fashion,campaign_22,0.2362,0.8794234089116586,0.04201004130436725,0
37,mobile,2,1,fashion,campaign_19,0.8971,0.4725735109070718,0.6177258244112199,0
43,desktop,5,2,food,campaign_05,1.4798,0.9713590240855083,0.7106791428978765,0
26,desktop,12,0,tech,campaign_09,2.6963,0.5530130063444059,0.9719167608239669,0
42,mobile,6,5,fashion,campaign_10,2.3912,0.27092039338631246,0.14576320023983547,1
53,tablet,14,4,fashion,campaign_28,0.6731,0.4889755153442745,0.24624321870946764,0
55,tablet,1,1,tech,campaign_21,1.179,0.0373102924029276,0.9324432315692422,0
30,mobile,6,1,fashion,campaign_10,2.3627,0.8040011602630676,0.6306288454833006,1
35,desktop,15,0,fashion,campaign_22,1.6286,0.10143505085442095,0.038049032735511634,0
45,mobile,14,6,fashion,campaign_22,0.606,0.30874848850300496,0.07734400225577898,0
44,mobile,23,3,food,campaign_11,1.2486,0.5653165470049434,0.7854405606276683,0
59,mobile,21,4,tech,campaign_12,1.9152,0.04297512564689887,0.5674744984564157,0
38,desktop,19,1,food,campaign_26,2.9224,0.07931689918144824,0.5654154816188739,0
52,mobile,0,1,fashion,campaign_16,2.0193,0.6961163576130128,0.8798656433112854,1
63,mobile,14,3,fashion,campaign_04,0.147,0.07177709306076874,0.24109791937122826,0
33,desktop,5,1,tech,campaign_21,2.1445,0.4770828662473765,0.16043098182201998,0
60,desktop,6,4,food,campaign_17,0.8275,0.3386956334207504,0.6138059476220805,0
35,mobile,5,6,tech,campaign_15,2.6003,0.22807940795641646,0.8824230976538834,0
35,desktop,10,2,tech,campaign_21,1.2133,0.18877889786366542,0.26525064466761816,0
51,mobile,2,4,tech,campaign_27,0.6789,0.7634112937325794,0.681294364791352,0
50,tablet,12,6,tech,campaign_09,1.457,0.9515421931502825,0.15237903185827417,1
46,desktop,3,6,tech,campaign_12,0.8401,0.14017974220333174,0.17190869582914892,0
30,tablet,12,0,food,campaign_05,0.7839,0.959681219174127,0.9015100578627374,1
23,mobile,15,0,fashion,campaign_19,1.7625,0.5947625034751037,0.11796499490637535,1
65,tablet,4,6,tech,campaign_12,2.3253,0.6416604053632571,0.024345536655194677,0
63,desktop,2,6,fashion,campaign_10,2.5214,0.7099263781425819,0.7749404481107842,1
64,mobile,19,2,food,campaign_20,1.2532,0.704118890354581,0.36250954852518036,1
44,tablet,17,3,tech,campaign_12,0.2937,0.8198111081856883,0.39665855220213087,1
63,mobile,6,4,fashion,campaign_13,1.5035,0.48346865134769745,0.7998575449081955,0
42,mobile,21,4,fashion,campaign_13,1.358,0.5333585875147011,0.17993579157734818,1
21,tablet,5,5,fashion,campaign_07,0.6712,0.3238270024634159,0.6503269415210357,1
28,mobile,22,2,tech,campaign_03,2.6988,0.10525759378311705,0.3135283288376345,1
32,desktop,2,6,tech,campaign_24,2.925,0.6646401909262191,0.10426846064684414,1
37,mobile,15,0,food,campaign_02,0.2501,0.03360996918625092,0.6874960489700879,0
66,mobile,0,0,tech,campaign_09,2.4077,0.2756350510833683,0.3186641345509361,1
35,mobile,4,6,food,campaign_20,1.9726,0.09422986444610026,0.8666041042800707,0
49,mobile,9,1,tech,campaign_03,0.8582,0.19072715732271805,0.9190356502319008,0
32,desktop,2,6,fashion,campaign_19,1.942,0.6387309128973808,0.8490517619209528,0
51,desktop,10,2,tech,campaign_21,0.4731,0.6284766302049182,0.3223517474354619,1
47,mobile,5,2,fashion,campaign_19,0.3013,0.42105491299571207,0.23658262435965616,0
25,desktop,2,0,tech,campaign_09,2.9811,0.09017197648949116,0.8928006424077998,0
42,mobile,23,6,tech,campaign_00,1.9455,0.43337391645940837,0.45294698387646126,0
23,desktop,23,2,food,campaign_26,0.8343,0.3527448718582934,0.7077397235580157,0
64,tablet,23,1,tech,campaign_09,1.4051,0.7204591528559497,0.8271642014106343,0
54,tablet,3,3,tech,campaign_24,2.8553,0.5790266081990517,0.2776866548678225,1
66,tablet,9,1,food,campaign_05,1.3723,0.49156576733699897,0.11909742793479017,0
63,mobile,7,5,fashion,campaign_04,2.7113,0.4869820823049952,0.6248275633432858,1
29,mobile,7,0,food,campaign_23,2.6195,0.9662968872604188,0.5901922557632251,1
54,tablet,9,3,fashion,campaign_28,1.0981,0.7562942217034505,0.2702000726585758,0
23,mobile,12,2,fashion,campaign_25,2.1184,0.4969795604601278,0.5847067213853422,0
67,tablet,11,0,fashion,campaign_22,2.0154,0.4792226128889776,0.7903572544783429,0
58,desktop,7,0,fashion,campaign_07,2.3365,0.02647910130496345,0.3500109823441274,1
53,mobile,23,3,tech,campaign_27,1.1612,0.9425092633198067,0.2423177189255722,1
69,tablet,23,2,food,campaign_20,0.2515,0.31917397176732965,0.7250012136095562,0
62,desktop,7,0,food,campaign_05,0.596,0.25593908188074377,0.7858720166817947,0
62,tablet,5,0,tech,campaign_03,1.888,0.9994089253876713,0.9542894378689203,1
23,desktop,12,5,food,campaign_26,2.3478,0.7186896715045245,0.14758582291747113,0
19,mobile,8,5,food,campaign_08,2.2925,0.04736377329928798,0.8892641018881947,0
67,tablet,23,4,fashion,campaign_22,1.7927,0.06188547702557645,0.7650988111899024,0
31,mobile,10,5,fashion,campaign_04,0.3458,0.02550156396019787,0.7018999079308879,0
40,desktop,0,0,food,campaign_08,0.1501,0.5996188995128691,0.31305362919037816,0
20,desktop,3,4,food,campaign_08,2.3682,0.07156450006195181,0.02219295118815412,0
50,tablet,1,5,food,campaign_08,1.6932,0.9333883568449306,0.5075504941194423,0
60,tablet,9,1,food,campaign_20,2.3699,0.9369065400226779,0.2857693764857162,1
61,desktop,7,3,tech,campaign_27,0.5721,0.5460540667480798,0.2898210189266912,0
48,tablet,20,5,tech,campaign_27,1.2815,0.6166389313959508,0.9271385771926535,1
52,mobile,21,4,fashion,campaign_22,2.7656,0.2918944015252498,0.15296889205320918,0
44,mobile,3,1,tech,campaign_06,0.5976,0.06397254240827333,0.9342323795905538,0
41,tablet,22,4,fashion,campaign_28,0.2784,0.7374604451918155,0.50380671001074,1
46,desktop,14,5,fashion,campaign_16,1.9951,0.10178598874901745,0.8382792760609368,0
66,desktop,7,0,fashion,campaign_16,1.8242,0.08555764101839314,0.2835875714419104,0
31,mobile,9,3,tech,campaign_21,2.8609,0.3112231092042238,0.6339206640847351,0
42,mobile,10,3,food,campaign_23,2.7288,0.01246565983788206,0.5565883957234168,0
49,tablet,4,2,fashion,campaign_28,2.2733,0.434035615756316,0.9241660894178338,0
47,tablet,20,0,food,campaign_17,0.1556,0.7076809100800767,0.17929842684242103,0
19,tablet,0,0,tech,campaign_18,1.4931,0.801348931421939,0.20456988974247958,1
32,desktop,1,5,fashion,campaign_22,2.6987,0.6043073037989213,0.9489643994535446,1
51,desktop,6,5,fashion,campaign_07,1.3576,0.8468742031139126,0.09796462078610502,0
54,mobile,3,2,tech,campaign_09,2.8902,0.4065022037671103,0.6346824690439964,0
56,mobile,1,6,tech,campaign_18,1.9922,0.8487720850604766,0.060564113215253124,1
69,desktop,9,6,fashion,campaign_01,0.4174,0.5064733104983793,0.07699080812060333,0
52,desktop,9,4,tech,campaign_09,1.5769,0.2230361279982953,0.5971487429017218,0
48,mobile,3,4,tech,campaign_21,2.1173,0.944145646660466,0.5513679621540587,0
35,desktop,19,6,food,campaign_29,0.2896,0.2749708738371165,0.5730261987535927,0
37,desktop,21,4,tech,campaign_15,1.0995,0.02620148418779311,0.4736520965499429,0
60,tablet,17,6,food,campaign_11,2.1795,0.24267404295502693,0.7423593405816048,0
42,tablet,12,6,fashion,campaign_13,0.5555,0.36668756125742774,0.9921885363648986,0
55,desktop,22,1,food,campaign_20,1.1102,0.3513496832892641,0.2757812463903556,0
24,desktop,8,4,fashion,campaign_16,2.1007,0.5246675094435717,0.32343966731494844,0
24,tablet,10,5,tech,campaign_00,2.3491,0.8831268820359235,0.3230495423432147,1
29,tablet,0,5,fashion,campaign_16,1.6037,0.29233822710969914,0.7632689463058524,1
28,mobile,16,2,tech,campaign_12,2.8749,0.5207706079591689,0.34801550112372814,0
49,tablet,2,6,tech,campaign_21,2.7835,0.34013895368847935,0.6767370675826506,0
51,mobile,15,3,food,campaign_26,1.473,0.8217730593732004,0.44588755701192884,0
47,desktop,18,2,fashion,campaign_28,0.5648,0.15760151328847838,0.6078046670230125,0
33,mobile,5,1,tech,campaign_18,2.3415,0.1035102683100585,0.8290153728048992,0
47,tablet,14,2,fashion,campaign_10,0.8051,0.5029952532376017,0.5140586875542057,0
24,mobile,7,6,fashion,campaign_13,2.5442,0.6718875857654919,0.47517320084670556,0
42,tablet,9,5,food,campaign_05,1.8027,0.7955252010907665,0.266974583605303,0
26,mobile,12,5,fashion,campaign_28,1.2429,0.5896248529053164,0.5159045818197838,0
21,mobile,5,6,fashion,campaign_25,1.7135,0.7738497613190006,0.2624122729096039,1
26,desktop,19,1,fashion,campaign_25,1.6451,0.3927100585609238,0.8435702057179587,0
23,tablet,9,4,tech,campaign_09,2.7817,0.032867670266468973,0.38886402686158383,0
42,mobile,11,2,tech,campaign_09,0.7217,0.11609930790155654,0.12910763183495388,0
46,mobile,19,5,fashion,campaign_25,2.7917,0.03872260122899618,0.23996752792636,1
49,mobile,5,2,fashion,campaign_16,0.1909,0.32894365047649265,0.5345814674672562,0
40,desktop,10,5,tech,campaign_21,2.3307,0.49549134126868233,0.9162875158297524,0
27,mobile,23,5,food,campaign_14,2.767,0.3563174836569394,0.30056149857477965,0
19,tablet,9,5,fashion,campaign_13,1.2428,0.5605994750663922,0.2643862040993116,0
55,mobile,2,6,tech,campaign_18,0.3119,0.4806091484927877,0.40655983481013536,0
69,tablet,6,5,tech,campaign_24,2.4335,0.6779428018639403,0.9677544782921464,0
32,tablet,22,2,fashion,campaign_10,2.5443,0.6669621635634062,0.8452196744613539,0
28,tablet,18,3,tech,campaign_24,1.0751,0.3180641471086795,0.14966795107469155,1
34,tablet,19,3,fashion,campaign_07,1.6039,0.3462144553610915,0.6137532871002641,0
29,tablet,6,0,tech,campaign_12,2.4475,0.5851478216413033,0.7918642033440346,1
29,mobile,20,4,tech,campaign_27,0.6569,0.5964324678908418,0.7680103413702376,1
43,desktop,9,3,fashion,campaign_28,1.924,0.3146999136371331,0.4888454917546158,0
58,tablet,19,2,tech,campaign_27,1.3488,0.3303178857754252,0.7318313856740422,1
55,desktop,21,0,tech,campaign_09,0.6058,0.6940450131861471,0.5835866105929837,1
67,tablet,4,3,fashion,campaign_25,2.5112,0.6474108228760695,0.2014449828522027,0
36,tablet,22,4,fashion,campaign_28,1.0416,0.1350508046797747,0.05605364063650864,0
43,tablet,15,0,food,campaign_29,2.8098,0.44104187967539343,0.3694996800503372,0
37,mobile,17,4,tech,campaign_00,1.7499,0.8927060787105903,0.06193900194753987,0
20,desktop,18,1,fashion,campaign_22,1.5921,0.036305676104475215,0.3950134039208921,0
38,mobile,4,1,food,campaign_29,1.3276,0.8551639464842137,0.8288790015707599,0
31,mobile,17,2,fashion,campaign_22,1.2619,0.16317815706414363,0.8442941484035814,0
42,mobile,5,2,tech,campaign_06,2.4721,0.5072486324617159,0.034073921340017854,1
26,desktop,6,6,fashion,campaign_22,2.0648,0.4243364289230115,0.06953546750949413,0
56,desktop,2,0,tech,campaign_03,2.3437,0.010129337341458822,0.6698670875912447,1
61,tablet,4,2,food,campaign_14,1.3211,0.915396937089632,0.49999869494219984,0
67,tablet,23,5,tech,campaign_18,0.8582,0.4549252273343056,0.14935839273039087,0
22,tablet,7,1,fashion,campaign_13,0.3519,0.954268276760615,0.8055296177320932,0
24,mobile,9,6,food,campaign_20,2.3523,0.28674390097921787,0.2164961627064219,0
68,desktop,11,5,fashion,campaign_07,1.3043,0.8662757734159724,0.07814925469571077,0
62,tablet,17,6,tech,campaign_18,1.5767,0.9223895739956305,0.7495071381000086,1
48,mobile,13,6,fashion,campaign_19,1.4611,0.5568324163707806,0.608125974631964,1
34,desktop,12,0,fashion,campaign_19,1.3503,0.2026777878677175,0.3944427387313236,0
44,tablet,20,3,food,campaign_08,2.0833,0.68524743210572,0.6927262037835346,0
45,tablet,11,5,tech,campaign_09,1.8653,0.5489780665294601,0.9113806886912028,0
62,tablet,18,0,fashion,campaign_07,2.919,0.9445296658526259,0.034182442766647725,0
45,desktop,21,3,fashion,campaign_13,0.5028,0.43927206181049183,0.6276794376753354,0
19,desktop,16,4,food,campaign_17,1.7632,0.268513647639822,0.2181672970155598,0
54,desktop,0,5,fashion,campaign_10,0.2834,0.1382870014941071,0.47413775994138385,0
58,tablet,6,2,tech,campaign_12,2.443,0.6986335686866795,0.4239811288833696,0
33,desktop,14,6,food,campaign_08,1.8873,0.9741096189805822,0.38997966783452975,0
24,desktop,11,4,tech,campaign_06,1.3423,0.028343770571398474,0.19035610024746197,0
25,mobile,6,0,fashion,campaign_19,2.4265,0.7404453547781268,0.8026499364449822,1
61,desktop,8,1,tech,campaign_24,1.4195,0.9269303625596667,0.37952058492770024,1
41,mobile,1,6,food,campaign_08,0.7606,0.07478153422734934,0.8871962609364799,0
45,desktop,5,0,fashion,campaign_25,1.4703,0.11017004510613315,0.35466827294649084,0
67,tablet,18,0,food,campaign_17,0.3054,0.6919570984497087,0.8397133446791534,1
21,tablet,0,2,food,campaign_05,2.7038,0.6479633758957883,0.5444663315246878,0
28,desktop,20,6,fashion,campaign_10,2.2198,0.0688274153162457,0.38562523485979217,0
61,tablet,8,4,tech,campaign_00,2.3049,0.8344227521511565,0.704032214597996,0
46,tablet,19,1,fashion,campaign_01,2.636,0.5234238478448924,0.7866546246034223,0
19,desktop,6,2,fashion,campaign_10,2.3956,0.9071973733366125,0.4826907902744818,0
54,tablet,19,6,fashion,campaign_13,1.3524,0.8779908809927044,0.4254204283835368,1
25,desktop,13,1,food,campaign_23,0.444,0.8125077690501658,0.5774189703723221,0
58,tablet,20,4,fashion,campaign_04,1.1828,0.5158988962444213,0.5851633785057182,0
59,desktop,1,3,fashion,campaign_25,2.8088,0.25171064174943225,0.4254792158546874,0
60,mobile,19,5,fashion,campaign_07,2.8524,0.5059755039111326,0.7576628784426377,0
42,mobile,6,5,fashion,campaign_04,2.3268,0.10081137780178007,0.3997214477538079,0
31,tablet,8,5,food,campaign_20,0.6928,0.6588461484734262,0.45299834288249274,1
63,mobile,1,0,food,campaign_23,0.6639,0.13397721922900763,0.6053182242795124,0
47,tablet,22,3,tech,campaign_18,2.6513,0.5111729625007231,0.9868489019306647,1
51,mobile,15,4,tech,campaign_03,0.5116,0.05438197416681778,0.260686111014103,0
25,desktop,23,2,tech,campaign_03,1.794,0.2995124902746459,0.23195279991152484,0
50,desktop,13,4,food,campaign_11,1.1969,0.23208046066978782,0.1768872665129827,0
48,desktop,3,4,fashion,campaign_13,0.9758,0.6200315427116705,0.6894442143081335,0
33,mobile,8,2,food,campaign_29,2.0644,0.7867867120225087,0.4490946374184077,0
57,mobile,10,0,food,campaign_08,2.8828,0.05730295454052614,0.38860634007427475,0
24,desktop,3,6,food,campaign_05,2.3551,0.8502836851553842,0.20409037414886866,1
55,desktop,22,5,fashion,campaign_28,1.5099,0.8607676949546045,0.8911383774033383,1
67,tablet,22,6,fashion,campaign_04,1.3781,0.3422690742880228,0.4431730352223858,0
47,desktop,13,2,tech,campaign_00,2.7322,0.6590040659703221,0.607693311486329,0
23,mobile,14,2,tech,campaign_12,1.7765,0.40261303170344953,0.11252957829252841,0
46,mobile,16,2,tech,campaign_12,1.5403,0.1541908821896315,0.10797221668490109,0
45,desktop,16,0,tech,campaign_18,2.0802,0.5286624185631104,0.06735454166399579,0
46,desktop,1,1,food,campaign_26,0.7877,0.08635967450159665,0.36734608083829356,0
32,tablet,12,2,tech,campaign_27,0.2848,0.8784721553959879,0.4728866021919116,0
50,desktop,18,6,food,campaign_08,2.5798,0.9242897594096086,0.24457814944923684,1
31,desktop,19,1,food,campaign_29,1.8611,0.8216131370114036,0.3496775058773096,1
47,mobile,14,3,tech,campaign_18,0.5781,0.5625281207559786,0.006260034023769734,1
48,mobile,21,3,food,campaign_02,0.9643,0.557598591125455,0.3510884652613948,1
51,tablet,14,2,fashion,campaign_28,2.9708,0.9846073766009298,0.11917133483084752,0
59,desktop,9,6,fashion,campaign_04,1.9398,0.24790168983118288,0.12838447837388955,0
63,desktop,10,0,food,campaign_17,1.9447,0.07594836590520748,0.004506097560003308,0
58,desktop,16,6,food,campaign_23,0.3093,0.5619409236011778,0.6963805660651069,0
59,mobile,21,5,fashion,campaign_07,2.9101,0.3287855978101033,0.931283774049384,0
63,desktop,5,2,food,campaign_08,2.6891,0.32233877280804424,0.6215455608521572,0
30,desktop,7,5,food,campaign_14,1.6886,0.007085354169948044,0.09620205192790965,1
33,mobile,15,3,food,campaign_26,0.9972,0.596239409547933,0.9896494493925041,1
45,desktop,18,6,tech,campaign_06,2.1244,0.26403370227561407,0.9755851708765133,0
42,desktop,9,0,fashion,campaign_19,2.5168,0.187858548192681,0.46823453565748874,1
54,mobile,15,0,fashion,campaign_13,2.3798,0.04043193139300372,0.10786921840629593,0
18,desktop,0,3,tech,campaign_03,2.9334,0.3643615764756113,0.7207393096472045,0
25,tablet,7,6,tech,campaign_21,1.9469,0.8789688723864574,0.9614682044834372,0
56,mobile,22,0,tech,campaign_24,1.0316,0.33667080759737233,0.7786996041386927,0
60,tablet,13,5,food,campaign_17,1.544,0.6790742101195937,0.624202854570981,0
33,desktop,20,6,food,campaign_05,2.4673,0.7565469634019073,0.6108319023710771,0
34,tablet,5,3,fashion,campaign_04,0.8695,0.32810080919019957,0.9779181142056288,1
47,mobile,6,6,tech,campaign_12,0.7711,0.8216407350120413,0.07311933681976945,1
42,tablet,23,5,tech,campaign_15,2.202,0.6918796596669491,0.14955601959062614,0
26,desktop,23,1,fashion,campaign_16,1.3888,0.5592422287009515,0.8308114447396812,1
44,tablet,21,5,fashion,campaign_07,2.4681,0.0009924640506289162,0.145113080319759,0
60,tablet,7,4,tech,campaign_15,0.5167,0.03509076592280813,0.3832964869290296,0
55,mobile,19,0,food,campaign_08,1.0735,0.9908658441060634,0.28149925605475035,1
60,mobile,11,3,food,campaign_20,0.8775,0.7822839235035594,0.24344471644039323,1
51,mobile,20,4,food,campaign_23,2.1238,0.937565258772947,0.025721951108426677,0
63,desktop,20,5,fashion,campaign_19,2.3021,0.9023032049180275,0.5662512635348111,0
30,tablet,10,5,tech,campaign_00,1.4224,0.020442983142750837,0.4012395208334609,0
20,desktop,7,3,food,campaign_29,1.4863,0.7918472897910739,0.5515902126370112,1
23,mobile,23,2,tech,campaign_00,0.4829,0.4511457440111546,0.30450820649750365,1
69,mobile,10,1,food,campaign_29,2.1353,0.7895582040006557,0.9414608550542626,1
51,desktop,10,0,tech,campaign_00,2.9777,0.006715784163385141,0.5913471922415274,0
30,tablet,15,4,tech,campaign_15,2.356,0.28819930120056425,0.9612070465322669,0
62,mobile,22,6,tech,campaign_03,0.747,0.7513237757913022,0.35000595425865866,1
34,desktop,3,0,food,campaign_02,1.9071,0.7930207886015898,0.0022895373463220903,0
49,desktop,23,4,food,campaign_20,0.9554,0.619714601214624,0.7812655649624406,1
30,mobile,10,4,tech,campaign_21,0.1875,0.30125618944626376,0.8273788545606422,0
22,tablet,0,1,tech,campaign_03,0.6215,0.3103625912878629,0.058703397200336016,0
31,tablet,7,1,food,campaign_29,0.3975,0.9667639636420327,0.625369228462319,1
29,desktop,11,1,tech,campaign_09,0.6682,0.4392121792342045,0.6610178670401202,0
46,tablet,16,4,tech,campaign_09,2.4073,0.44712555024383704,0.1457338670475653,0
19,tablet,13,2,food,campaign_08,0.9492,0.5523327502406995,0.5525245528525812,1
30,tablet,3,5,fashion,campaign_13,2.2954,0.40950233686438875,0.24319888067994366,1
47,mobile,11,2,food,campaign_05,2.8517,0.5526715645974142,0.016451703204516166,0
38,mobile,5,0,tech,campaign_12,1.7654,0.4323354227675579,0.8669110903761178,0
51,desktop,6,0,tech,campaign_06,1.5077,0.8267149196021867,0.4916951712264641,0
52,mobile,17,2,fashion,campaign_01,2.2754,0.909051019798284,0.7816991009107112,0
68,mobile,19,2,food,campaign_11,0.3816,0.9321102598153617,0.7228930322291087,1
61,desktop,3,5,food,campaign_20,1.3418,0.5642962058293866,0.993705261014529,0
29,desktop,14,3,fashion,campaign_22,1.5466,0.44214855746449533,0.4379534039011932,0
54,mobile,10,1,fashion,campaign_10,2.51,0.7052400587918379,0.4275506067571776,0
50,mobile,8,1,tech,campaign_09,2.4612,0.8383235912959066,0.2817555670511702,0
48,mobile,17,3,food,campaign_23,2.56,0.5629822420663771,0.6251472134032147,0
59,desktop,5,2,food,campaign_20,2.1238,0.6999810218222613,0.4861125005552842,0
25,tablet,18,4,tech,campaign_24,1.6386,0.749729350721248,0.7287611221416688,1
37,desktop,9,6,tech,campaign_27,2.5009,0.6763937767172867,0.35651169844142727,0
60,mobile,2,2,tech,campaign_24,2.6325,0.7461335557293095,0.1308447416093259,1
64,desktop,19,3,fashion,campaign_28,1.4934,0.20864533255599838,0.8624354521194542,0
19,mobile,20,5,tech,campaign_12,2.9584,0.4983745470217975,0.8280469419646846,1
42,mobile,13,1,food,campaign_11,2.637,0.5882685546050872,0.3510001871157442,1
31,mobile,17,3,tech,campaign_09,1.5804,0.0024779308570230807,0.6903517175119992,0
26,desktop,3,2,fashion,campaign_07,0.3009,0.855962508813682,0.4924029062756118,0
20,desktop,8,4,fashion,campaign_22,0.751,0.6100245084449121,0.7609720971311001,0
45,desktop,8,5,tech,campaign_21,2.3516,0.12913633169820327,0.3901323686645124,0
52,desktop,18,0,tech,campaign_24,0.4223,0.8163570725758271,0.5356392353912296,1
45,desktop,8,1,food,campaign_05,1.4624,0.7170569664405446,0.05781610406474724,1
37,tablet,17,0,food,campaign_14,1.8541,0.758299543463637,0.17490998158808135,0
58,tablet,7,0,tech,campaign_06,2.6472,0.3920424618618562,0.781765607775103,0
51,mobile,14,0,food,campaign_26,2.5566,0.8542025066949921,0.38156548217287745,1
65,tablet,5,4,food,campaign_08,2.3164,0.41402758213236224,0.035105424229590176,0
36,mobile,13,6,fashion,campaign_04,1.2823,0.5705091529455913,0.16763628571194666,1
30,mobile,1,2,food,campaign_17,0.5125,0.0006423036998737253,0.4115980320856145,0
41,desktop,17,6,food,campaign_26,2.042,0.6448731146778622,0.7179131070167719,1
44,mobile,0,5,tech,campaign_27,0.6257,0.7181757921279367,0.36348504180723096,0
41,desktop,23,5,food,campaign_02,1.7278,0.5671093654887923,0.745185754378869,1
61,mobile,20,5,tech,campaign_09,2.944,0.49655881704361604,0.8580605872950834,1
20,desktop,13,1,fashion,campaign_04,1.6959,0.8099364737117083,0.3411366142057126,0
45,tablet,21,3,tech,campaign_09,1.9721,0.6813727171652418,0.8003755708544253,0
40,tablet,19,3,fashion,campaign_16,2.065,0.278074039720023,0.12688066593018954,0
28,mobile,3,4,food,campaign_08,2.5081,0.9590733380799858,0.41528352507165955,1
51,desktop,17,5,food,campaign_02,1.3614,0.7072671941953408,0.09756239628159258,0
59,desktop,9,0,tech,campaign_15,1.5428,0.9879389289124246,0.052527988794775715,0
46,desktop,20,4,fashion,campaign_01,0.6103,0.9712613162688684,0.0645273774854469,1
22,desktop,20,5,tech,campaign_06,1.8826,0.9189097228100899,0.10475202708163645,1
21,tablet,22,0,tech,campaign_00,0.9577,0.7553715412253076,0.8357259234163987,0
39,desktop,10,2,food,campaign_02,1.5721,0.6094293684969674,0.54367712363369,0
52,mobile,4,6,fashion,campaign_13,2.323,0.17217066368292422,0.9473881877770107,0
34,tablet,3,0,fashion,campaign_25,0.151,0.5433514174237577,0.5380003013125135,0
34,tablet,3,1,food,campaign_23,1.7354,0.7653765223943273,0.6287113323103868,1
62,mobile,23,5,food,campaign_02,0.603,0.5208571587055678,0.18448396114049304,0
18,desktop,14,1,fashion,campaign_01,0.9102,0.8682391284056578,0.5405810206337084,0
22,tablet,8,4,fashion,campaign_10,0.2007,0.10965589919169827,0.3853025488033268,0
26,desktop,10,6,fashion,campaign_19,0.5914,0.3809403480486341,0.9314353421403702,0
69,desktop,4,3,fashion,campaign_22,2.9612,0.5059644185936573,0.933921215781792,0
43,tablet,13,3,tech,campaign_24,2.9957,0.43232529586910806,0.198498612502241,0
26,tablet,10,3,fashion,campaign_10,2.1876,0.10858654782155308,0.6201308639383659,0
34,desktop,19,2,food,campaign_05,1.8744,0.15352829404463053,0.638175802970978,0
68,mobile,0,2,tech,campaign_00,2.3533,0.8376172928554871,0.5625350794580178,1
54,desktop,22,3,fashion,campaign_04,2.7,0.484384259201451,0.12432970799514931,0
29,tablet,1,6,fashion,campaign_01,1.606,0.04872242675272764,0.6540153188408618,1
30,mobile,10,6,fashion,campaign_25,0.2023,0.016491258977649914,0.7990852849242002,1
21,desktop,8,6,food,campaign_08,2.1572,0.4734754019943266,0.3452260338531301,0
58,desktop,17,0,tech,campaign_24,2.9553,0.1643787259244437,0.5145517019441572,1
25,mobile,15,2,fashion,campaign_16,0.8484,0.7051259459992218,0.1163279463492779,0
32,desktop,4,5,fashion,campaign_16,1.4441,0.7953234625277513,0.9306887114870277,0
36,tablet,11,3,fashion,campaign_13,1.1477,0.2282967084571056,0.10953785317232001,0
50,mobile,12,2,tech,campaign_24,1.2324,0.5921769448817807,0.20837710666824705,0
49,desktop,11,2,fashion,campaign_01,2.1921,0.154444643485386,0.29847847580003495,0
59,tablet,0,0,food,campaign_02,1.1974,0.303582651594387,0.8257902391820219,1
33,mobile,4,2,tech,campaign_12,2.8291,0.8887954941814333,0.7006559205023549,1
38,desktop,12,2,food,campaign_11,2.39,0.5440980914823108,0.00701443800310253,0
38,mobile,6,2,fashion,campaign_16,0.1802,0.8858886951442001,0.18356154715941053,1
20,desktop,13,3,fashion,campaign_22,2.4738,0.22524780417950696,0.7501511791919018,0
56,desktop,3,1,food,campaign_17,2.3413,0.33002434324866603,0.40383449100081237,0
45,mobile,17,1,fashion,campaign_07,1.5978,0.47095213845681705,0.026213532467259992,0
42,mobile,4,6,tech,campaign_09,1.5408,0.4800800751945429,0.9639168783200247,0
69,desktop,15,2,fashion,campaign_22,2.523,0.9976479671837004,0.15123291294056207,0
27,tablet,20,1,tech,campaign_06,1.3319,0.11444531897113008,0.5104666400468276,0
68,mobile,8,4,tech,campaign_15,0.5624,0.8519650356015908,0.24831609764484341,0
53,tablet,3,3,fashion,campaign_16,1.0074,0.8636820394218702,0.7374693202253596,1
29,mobile,0,4,fashion,campaign_22,0.8691,0.5531986315377874,0.7767260990472881,0
53,desktop,8,1,tech,campaign_21,2.0751,0.34403716825915376,0.3972204035248931,0
57,desktop,2,5,fashion,campaign_13,0.6187,0.5192261042882962,0.6584496214590319,0
36,desktop,21,1,tech,campaign_09,1.9698,0.2924677048065638,0.9090735845464855,0
35,mobile,23,5,food,campaign_11,1.4513,0.7991074484399395,0.8148091184926063,0
61,tablet,23,2,tech,campaign_12,2.535,0.49827915871033013,0.4148977176449147,1
26,mobile,22,2,tech,campaign_06,1.5065,0.9258421788774506,0.4414760538966379,1
18,tablet,14,2,tech,campaign_18,2.7964,0.6226913443560438,0.8868782740270206,0
52,desktop,7,2,tech,campaign_06,2.7114,0.5143193331146834,0.03437280042634294,1
65,desktop,10,4,fashion,campaign_19,0.6373,0.7110693539776523,0.022811572313826356,0
44,mobile,6,3,fashion,campaign_22,2.0899,0.5039329644302343,0.2057953415650221,1
25,desktop,20,0,fashion,campaign_28,0.7224,0.9045063504194472,0.8276216446853436,0
46,tablet,10,3,tech,campaign_03,2.4876,0.1844459608868413,0.15321318761720082,1
31,tablet,9,1,fashion,campaign_22,1.9436,0.9733486837459057,0.28527928494835264,1
61,tablet,16,0,food,campaign_02,0.9529,0.812190551851192,0.6290686901401757,1
49,mobile,8,5,fashion,campaign_10,0.8225,0.8607333618648696,0.18424281006138077,0
35,desktop,8,2,food,campaign_05,1.3458,0.48290783237107116,0.30311634124357345,0
50,desktop,5,4,fashion,campaign_04,2.4221,0.8372015493375974,0.4669127271231922,0
52,tablet,1,1,food,campaign_05,2.4089,0.30677408357720515,0.22810928376793815,0
53,tablet,0,2,fashion,campaign_01,0.1968,0.7619481785641752,0.9924136839779331,0
37,tablet,9,2,tech,campaign_24,0.9766,0.14045015838902264,0.16344601732126784,1
47,mobile,23,0,fashion,campaign_01,1.3263,0.3070519159625087,0.8499371049202531,0
20,mobile,6,6,food,campaign_11,1.7982,0.44573266335973283,0.47009983149871915,1
38,tablet,15,2,food,campaign_20,0.5336,0.32231971814342186,0.12912367972018846,0
37,tablet,7,4,food,campaign_29,1.0723,0.3870171156241836,0.1184861571625806,0
45,desktop,7,3,fashion,campaign_25,2.6682,0.820104744783698,0.5002960560508554,1
67,mobile,3,3,fashion,campaign_04,1.482,0.25667589214216757,0.3535201714692102,0
67,mobile,13,4,food,campaign_29,2.258,0.7452811721545722,0.23460229911299368,1
43,tablet,15,3,fashion,campaign_19,1.5059,0.07371206911165185,0.9589391371657489,0
51,desktop,8,0,food,campaign_05,1.4484,0.7657391075150608,0.4633797406331909,0
23,desktop,12,4,fashion,campaign_13,1.9036,0.792023242829773,0.9288109813723276,1
43,tablet,11,0,tech,campaign_27,0.8522,0.401698775502482,0.16399972606481883,0
53,mobile,6,3,food,campaign_11,0.8244,0.7224778231674704,0.18346606723001224,0
53,tablet,16,2,food,campaign_05,2.9691,0.9151384037450991,0.5960276909424516,1
68,mobile,13,3,food,campaign_26,2.6201,0.8007129735545269,0.2698756426168226,1
42,tablet,1,0,fashion,campaign_28,2.2395,0.3904465103969599,0.18493785561126042,0
65,tablet,11,4,food,campaign_29,0.4977,0.4842135142800644,0.09468538541331106,0
68,desktop,9,2,fashion,campaign_28,0.1877,0.7793575447858054,0.07627067030716383,0
47,mobile,19,0,food,campaign_26,0.6087,0.29259458984912357,0.7531683854134263,1
22,mobile,7,0,fashion,campaign_13,2.8194,0.8038827403088735,0.28216314636981654,1
37,mobile,22,3,food,campaign_05,2.4672,0.32807114256094116,0.9784191533076348,0
57,tablet,14,4,tech,campaign_18,1.6169,0.8059905823855381,0.1831211274791248,0
48,mobile,3,3,tech,campaign_06,2.9095,0.08680044335072334,0.3544466500238479,0
66,desktop,9,5,food,campaign_14,0.5251,0.044397296910590134,0.37490861948233345,0
60,desktop,21,5,fashion,campaign_19,1.7215,0.9976754473698223,0.5001527927368299,1
21,tablet,6,6,fashion,campaign_28,0.6313,0.869457123234689,0.8706358689794534,1
62,tablet,16,6,food,campaign_08,0.9886,0.8828475034662039,0.8347702099641873,0
36,desktop,18,6,fashion,campaign_07,2.8264,0.9512799476066175,0.009956330863795326,0
60,tablet,16,5,fashion,campaign_22,2.618,0.43831630941448785,0.40925506695826264,0
